{"type":"FeatureCollection","features":[{"type":"Feature","id":"Geositi_catasto_aree:165","geometry":{"type":"MultiPolygon","coordinates":[[[[9.62825397,44.63699937],[9.62876302,44.63735671],[9.62872777,44.63837468],[9.62862133,44.63878227],[9.62846972,44.63904909],[9.62869296,44.63942378],[9.62924624,44.6397653],[9.63019426,44.639964],[9.63079491,44.64047556],[9.63076381,44.64088712],[9.63047266,44.64127501],[9.63036981,44.64204223],[9.6303462,44.64236889],[9.62970732,44.64329373],[9.62937725,44.64374942],[9.62878547,44.64390798],[9.62812486,44.64380118],[9.62728047,44.64368723],[9.6267926,44.64353552],[9.62641154,44.64326818],[9.62616069,44.64255876],[9.62619234,44.64194939],[9.62673592,44.6414004],[9.62686136,44.64080617],[9.62687944,44.64044672],[9.62697219,44.64017468],[9.62696193,44.6399464],[9.62656302,44.63965114],[9.62625995,44.63925587],[9.6258757,44.6386236],[9.62621689,44.63794863],[9.62656472,44.63750908],[9.62697706,44.63689692],[9.62767908,44.63667394],[9.62825397,44.63699937]]]]},"properties":{"id":"Geositi_catasto_aree:165","name":"Roccia Cinque Dita e Groppo Sidoli","kind":"area","source":"Regione Emilia-Romagna","sourceId":"rer-geosites","sourceLayer":"Geositi_catasto_aree","licence":"CC BY 4.0","retrievedAt":"2026-09-30T14:29:58.425806+00:00","sourceUrl":"https://servizigis.regione.emilia-romagna.it/wfs/geositi?service=WFS&version=2.0.0&request=GetFeature&typeNames=portale_geositi%3AGeositi_catasto_aree&outputFormat=GEOJSON&srsName=EPSG%3A4326&bbox=44.45%2C9.15%2C45.2%2C10.15%2CEPSG%3A4326&count=10000","recordUrl":"https://geo.regione.emilia-romagna.it/schede/geositi/scheda.jsp?id=802","description":"Ofiolite serpentinitica, ultramafitica, dalla peculiare morfologia, articolata in svettanti guglie, che con l'adiacente Groppo di Sidoli segnano il paesaggio del crinale tra Ceno e Nure.","municipality":"BARDI (PR), FARINI (PC)","minerals":"","period":"","historicalStatus":"","positionNote":"Original source geometry; positional accuracy not supplied.","raw":"{\"GmlID\": \"Geositi_catasto_aree.165\", \"OBJECTID\": 165, \"GISID\": 802.0, \"PROVINCE\": \"Parma, Piacenza\", \"COMUNI\": \"BARDI (PR), FARINI (PC)\", \"LOCALITA\": \"GROPPO SIDOLI, ROCCIA CINQUE DITA\", \"NOME\": \"Roccia Cinque Dita e Groppo Sidoli\", \"SINONIMIE\": \"null\", \"DIDASCALIA\": \"Ofiolite serpentinitica, ultramafitica, dalla peculiare morfologia, articolata in svettanti guglie, che con l'adiacente Groppo di Sidoli segnano il paesaggio del crinale tra Ceno e Nure.\", \"DESCRIZIONE\": \"Pubblicabile\", \"VIGENTE\": \"D.G.R. n 1084/2021 (12/07/21)\", \"LISTA_ATTI\": \"D.G.R. n 1084/2021 (12/07/21); D.G.R. n 1302/2016 (01/09/16)\", \"GEOTIPI\": \"Forme da erosione selettiva, Rupe, Serpentinite\", \"GESSI_UNESCO\": \"null\", \"TIPO_ELEMENTO\": \"Geosito areale\", \"RILEVANZA\": \"Locale\", \"CATEGORIA\": \"3. Geosito di rilevanza locale (areale)\", \"CONTENUTOIN_REGIONALE\": 0.0, \"SCHEDA\": \"https://geo.regione.emilia-romagna.it/schede/geositi/scheda.jsp?id=802\", \"FOTO\": \"https://geo.regione.emilia-romagna.it/gstatico/documenti/patrimonio_geologico/img/web/802_Roccia_5Dita_SS.jpg\", \"DIDASCALIA_FOTO\": \"Panoramica dell'ofiolite di Roccia Cinque Dita (foto Segadelli)\", \"SHAPE.AREA\": 189585.54394757, \"SHAPE.LEN\": 2037.69392509}","updated":"D.G.R. n 1084/2021 (12/07/21)","gpx":"","geositeId":"802.0"}},{"type":"Feature","id":"Geositi_catasto_aree:167","geometry":{"type":"MultiPolygon","coordinates":[[[[9.77554327,44.72611828],[9.77560035,44.72660151],[9.77560434,44.72691585],[9.77564479,44.72743542],[9.77573289,44.72771275],[9.77595788,44.72807378],[9.77614854,44.7283988],[9.77644233,44.72881987],[9.77667056,44.72943477],[9.77679574,44.72995367],[9.77693727,44.73041208],[9.77701096,44.73088301],[9.77708323,44.73123308],[9.77720659,44.73159487],[9.77763597,44.73195476],[9.77806562,44.73235083],[9.77851205,44.73275869],[9.7786672,44.73295101],[9.77899707,44.73355304],[9.77922337,44.73401077],[9.77932833,44.73426387],[9.7793136,44.7344573],[9.77919676,44.73463929],[9.77877462,44.7348836],[9.77826675,44.735068],[9.77757281,44.73530199],[9.77681355,44.73568168],[9.7761889,44.73596379],[9.77520808,44.73628448],[9.77442959,44.73649505],[9.77390489,44.73663142],[9.77280361,44.73683192],[9.77168517,44.73702041],[9.77053198,44.73714866],[9.76915781,44.73724175],[9.76826061,44.73744056],[9.76792349,44.73762391],[9.7675702,44.7378678],[9.76748935,44.73817048],[9.76759476,44.7384358],[9.76780189,44.7386884],[9.76804216,44.73888037],[9.76848503,44.73898651],[9.76875714,44.73902113],[9.76897948,44.73914069],[9.76901617,44.73934597],[9.76902071,44.73968441],[9.76907585,44.73999837],[9.76908151,44.74042142],[9.76927313,44.74078291],[9.76958343,44.74113161],[9.76963907,44.74148183],[9.76950925,44.74192987],[9.76936211,44.74235384],[9.76948614,44.74273991],[9.76960887,44.74302929],[9.76985079,44.74334213],[9.77014334,44.74363045],[9.77014982,44.74411392],[9.77015501,44.74450069],[9.7701246,44.74476681],[9.76968796,44.745132],[9.76944798,44.74496416],[9.76944572,44.74479496],[9.76939106,44.74451729],[9.76935419,44.74429995],[9.76909627,44.74405974],[9.76888849,44.74375881],[9.76872891,44.74325216],[9.76848231,44.74258879],[9.76820385,44.74208276],[9.76820094,44.74186519],[9.76795808,44.74147983],[9.76773008,44.74093723],[9.76722625,44.740082],[9.76679681,44.73970983],[9.76636769,44.73936185],[9.76622816,44.73908466],[9.76604886,44.73837253],[9.76589435,44.73824043],[9.76597791,44.73814326],[9.76628106,44.73796014],[9.7664979,44.73766873],[9.76651213,44.73746314],[9.76657842,44.73734186],[9.76676226,44.73712318],[9.76689582,44.73695314],[9.76692622,44.73668702],[9.76699123,44.73646904],[9.76712461,44.73628691],[9.76725785,44.7360927],[9.76740983,44.73603135],[9.76749214,44.73583744],[9.76765899,44.73561885],[9.76763992,44.73546181],[9.76784072,44.73524301],[9.7677712,44.73512253],[9.76785364,44.73494069],[9.76807289,44.73483057],[9.76805201,44.73454054],[9.76810051,44.7343589],[9.76809856,44.73421383],[9.76826527,44.73398313],[9.76841548,44.73378879],[9.76843132,44.73370406],[9.76858088,44.73346137],[9.76854289,44.73315936],[9.76865866,44.73292897],[9.76877492,44.73273483],[9.76877217,44.73252932],[9.76876862,44.73226337],[9.76866447,44.73209474],[9.76881503,44.73192458],[9.76894909,44.7317908],[9.76891109,44.73148878],[9.76892388,44.73116233],[9.76890434,44.73095699],[9.76886723,44.7307034],[9.76896643,44.73048526],[9.76898057,44.73025555],[9.76908114,44.73014618],[9.76935158,44.73003581],[9.76941714,44.72984206],[9.76948375,44.72973289],[9.76970326,44.72962284],[9.77000684,44.72943978],[9.7702598,44.72926906],[9.77059852,44.72915825],[9.77083581,44.72909639],[9.77098397,44.72868465],[9.77111944,44.72863549],[9.77127177,44.72857417],[9.77147385,44.72840379],[9.7714553,44.72827098],[9.77147019,44.72808965],[9.77170634,44.72791909],[9.77187405,44.72771269],[9.77216004,44.72743311],[9.77234494,44.72723867],[9.77237613,44.72699677],[9.77244161,44.72677883],[9.77271229,44.72665633],[9.77293092,44.72644954],[9.77294488,44.72619562],[9.77306086,44.72594107],[9.77324508,44.72571028],[9.77348307,44.72570881],[9.77366962,44.7256714],[9.77380351,44.72550132],[9.77390355,44.72534354],[9.77410726,44.72533013],[9.77436204,44.72534048],[9.77466819,44.72538674],[9.77488962,44.72544568],[9.77509515,44.72558935],[9.77529932,44.72562423],[9.77557017,44.72556192],[9.77590843,44.72546287],[9.77621462,44.72550914],[9.77655505,44.72557935],[9.77691325,44.7257099],[9.77713598,44.72586557],[9.77690049,44.72603647],[9.77647515,44.72596683],[9.77608329,44.72586067],[9.77554327,44.72611828]]]]},"properties":{"id":"Geositi_catasto_aree:167","name":"Monte Palazza","kind":"area","source":"Regione Emilia-Romagna","sourceId":"rer-geosites","sourceLayer":"Geositi_catasto_aree","licence":"CC BY 4.0","retrievedAt":"2026-09-30T14:29:58.425806+00:00","sourceUrl":"https://servizigis.regione.emilia-romagna.it/wfs/geositi?service=WFS&version=2.0.0&request=GetFeature&typeNames=portale_geositi%3AGeositi_catasto_aree&outputFormat=GEOJSON&srsName=EPSG%3A4326&bbox=44.45%2C9.15%2C45.2%2C10.15%2CEPSG%3A4326&count=10000","recordUrl":"https://geo.regione.emilia-romagna.it/schede/geositi/scheda.jsp?id=807","description":"Lungo i versanti ovest e nord del Monte Palazza, alla confluenza tra il rio della Palazza e il torrente Arda, affiora la base del Flysch del Monte Cassio interessata da una evidente anticlinale con un fianco rovesciato.","municipality":"VERNASCA (PC)","minerals":"","period":"","historicalStatus":"","positionNote":"Original source geometry; positional accuracy not supplied.","raw":"{\"GmlID\": \"Geositi_catasto_aree.167\", \"OBJECTID\": 167, \"GISID\": 807.0, \"PROVINCE\": \"Piacenza\", \"COMUNI\": \"VERNASCA (PC)\", \"LOCALITA\": \"Dadomo, M. PALAZZA\", \"NOME\": \"Monte Palazza\", \"SINONIMIE\": \"null\", \"DIDASCALIA\": \"Lungo i versanti ovest e nord del Monte Palazza, alla confluenza tra il rio della Palazza e il torrente Arda, affiora la base del Flysch del Monte Cassio interessata da una evidente anticlinale con un fianco rovesciato.\", \"DESCRIZIONE\": \"Pubblicabile\", \"VIGENTE\": \"D.G.R. n 1084/2021 (12/07/21)\", \"LISTA_ATTI\": \"D.G.R. n 1084/2021 (12/07/21); D.G.R. n 1302/2016 (01/09/16)\", \"GEOTIPI\": \"Piega, Frana\", \"GESSI_UNESCO\": \"null\", \"TIPO_ELEMENTO\": \"Geosito areale\", \"RILEVANZA\": \"Locale\", \"CATEGORIA\": \"3. Geosito di rilevanza locale (areale)\", \"CONTENUTOIN_REGIONALE\": 0.0, \"SCHEDA\": \"https://geo.regione.emilia-romagna.it/schede/geositi/scheda.jsp?id=807\", \"FOTO\": \"null\", \"DIDASCALIA_FOTO\": \"null\", \"SHAPE.AREA\": 848483.45113099, \"SHAPE.LEN\": 5894.37248803}","updated":"D.G.R. n 1084/2021 (12/07/21)","gpx":"","geositeId":"807.0"}},{"type":"Feature","id":"Geositi_catasto_aree:169","geometry":{"type":"MultiPolygon","coordinates":[[[[9.69158137,44.68504177],[9.68961713,44.68532474],[9.6878112,44.68565274],[9.68679388,44.68554556],[9.68590388,44.68546025],[9.68511002,44.68535155],[9.68441023,44.68517436],[9.68339508,44.68511222],[9.68231719,44.68509572],[9.68139738,44.68503297],[9.68060774,44.68519591],[9.67949537,44.68543866],[9.67914989,44.68540537],[9.67880109,44.68514311],[9.67882059,44.68479072],[9.67802699,44.68444288],[9.67802263,44.68414347],[9.67801672,44.68373839],[9.67791073,44.68322818],[9.67795204,44.68268192],[9.678142,44.68218768],[9.67845498,44.6816751],[9.67869382,44.68114533],[9.67880591,44.68036966],[9.67877288,44.67978857],[9.67883517,44.67892498],[9.67935141,44.67876336],[9.68023924,44.67870525],[9.68110065,44.67845334],[9.68176424,44.67811435],[9.68217791,44.6773536],[9.68237099,44.6768058],[9.68228983,44.67601284],[9.6826346,44.67586975],[9.68295048,44.67528609],[9.68328936,44.67461442],[9.68335792,44.67408532],[9.68308105,44.67357579],[9.68250728,44.67297974],[9.68176285,44.67264917],[9.68148486,44.67206926],[9.68172761,44.67157416],[9.68224652,44.67157111],[9.68296116,44.67151441],[9.68327768,44.67114267],[9.68354194,44.67054224],[9.68382181,44.66947665],[9.68397424,44.66895487],[9.68323351,44.66796218],[9.68373517,44.66748383],[9.68436811,44.66738985],[9.68458686,44.66711687],[9.68467801,44.66677663],[9.68467198,44.66625571],[9.68504632,44.66573274],[9.6857326,44.66477775],[9.68629866,44.66438965],[9.68730343,44.66356883],[9.68761448,44.66302368],[9.6883657,44.66209142],[9.68908698,44.66134042],[9.68946006,44.66063656],[9.68961478,44.66027349],[9.69002137,44.65975055],[9.69036504,44.65927324],[9.69096344,44.65888518],[9.69172003,44.65847363],[9.69200002,44.65792888],[9.69275725,44.65758521],[9.69342158,44.65746839],[9.694212,44.65728296],[9.69484572,44.65727947],[9.69532711,44.65791055],[9.69537303,44.65938151],[9.69528844,44.66035561],[9.6950115,44.66112697],[9.69530721,44.66209897],[9.69573074,44.66316087],[9.69580473,44.66406645],[9.69597154,44.66476772],[9.69608008,44.66589968],[9.69526853,44.66696868],[9.69524246,44.66744449],[9.69525186,44.66823723],[9.69516482,44.66891723],[9.69517368,44.66966466],[9.69495794,44.6701868],[9.69484546,44.67046025],[9.69505842,44.67063927],[9.69522041,44.67093285],[9.69563818,44.67140625],[9.69589609,44.67176726],[9.69644041,44.67221732],[9.69708199,44.67284805],[9.69899117,44.67342654],[9.6998848,44.67391997],[9.70055382,44.67418811],[9.70106378,44.67441182],[9.70154394,44.67479426],[9.70186532,44.6751549],[9.70205743,44.6753124],[9.70307943,44.67594085],[9.70324351,44.67641546],[9.70293028,44.67673431],[9.70271243,44.67707529],[9.70164041,44.67755712],[9.70078625,44.67772037],[9.700218,44.67792734],[9.69974241,44.67792995],[9.69907741,44.67800154],[9.69866686,44.67813969],[9.69857338,44.67827611],[9.69857634,44.67852525],[9.69857958,44.67879705],[9.69820181,44.67902562],[9.69769532,44.67909634],[9.69737879,44.67914336],[9.69722403,44.67946133],[9.69703676,44.67971151],[9.6967858,44.67993938],[9.6965969,44.68005366],[9.69634461,44.68016829],[9.69618579,44.68014651],[9.69602672,44.68010208],[9.69573814,44.67983184],[9.69541007,44.67890493],[9.69518275,44.67845315],[9.69458007,44.67843378],[9.69436511,44.67902386],[9.69443656,44.679703],[9.69463647,44.68051735],[9.69467408,44.68101546],[9.69426645,44.68140274],[9.69379458,44.68172242],[9.69357879,44.68224455],[9.69355245,44.68269771],[9.69355915,44.68326395],[9.69293259,44.68392427],[9.69262118,44.68442435],[9.69221401,44.68487967],[9.69158137,44.68504177]]]]},"properties":{"id":"Geositi_catasto_aree:169","name":"Monte di Lama","kind":"area","source":"Regione Emilia-Romagna","sourceId":"rer-geosites","sourceLayer":"Geositi_catasto_aree","licence":"CC BY 4.0","retrievedAt":"2026-09-30T14:29:58.425806+00:00","sourceUrl":"https://servizigis.regione.emilia-romagna.it/wfs/geositi?service=WFS&version=2.0.0&request=GetFeature&typeNames=portale_geositi%3AGeositi_catasto_aree&outputFormat=GEOJSON&srsName=EPSG%3A4326&bbox=44.45%2C9.15%2C45.2%2C10.15%2CEPSG%3A4326&count=10000","recordUrl":"https://geo.regione.emilia-romagna.it/schede/geositi/scheda.jsp?id=833","description":"Rilievo dal particolare risalto morfologico, rappresenta il più esteso affioramento in regione di Calcari a Calpionelle e Diaspri, a giacitura rovesciata. Alla pendici del Monte di Lama sono state individuate tracce di insediamenti Paleolitici e Mesolitici.","municipality":"BARDI (PR), MORFASSO (PC)","minerals":"","period":"","historicalStatus":"","positionNote":"Original source geometry; positional accuracy not supplied.","raw":"{\"GmlID\": \"Geositi_catasto_aree.169\", \"OBJECTID\": 169, \"GISID\": 833.0, \"PROVINCE\": \"Parma, Piacenza\", \"COMUNI\": \"BARDI (PR), MORFASSO (PC)\", \"LOCALITA\": \"COLLE IL CASTELLACCIO, M. PRARBERA\", \"NOME\": \"Monte di Lama\", \"SINONIMIE\": \"null\", \"DIDASCALIA\": \"Rilievo dal particolare risalto morfologico, rappresenta il più esteso affioramento in regione di Calcari a Calpionelle e Diaspri, a giacitura rovesciata. Alla pendici del Monte di Lama sono state individuate tracce di insediamenti Paleolitici e Mesolitici.\", \"DESCRIZIONE\": \"Pubblicabile\", \"VIGENTE\": \"D.G.R. n 1084/2021 (12/07/21)\", \"LISTA_ATTI\": \"D.G.R. n 1084/2021 (12/07/21); D.G.R. n 1302/2016 (01/09/16)\", \"GEOTIPI\": \"Successione stratigrafica, Piega, Strati rovesciati, Rilievo tabulare\", \"GESSI_UNESCO\": \"null\", \"TIPO_ELEMENTO\": \"Geosito areale\", \"RILEVANZA\": \"Regionale\", \"CATEGORIA\": \"1. Geosito di rilevanza regionale (areale)\", \"CONTENUTOIN_REGIONALE\": 0.0, \"SCHEDA\": \"https://geo.regione.emilia-romagna.it/schede/geositi/scheda.jsp?id=833\", \"FOTO\": \"https://geo.regione.emilia-romagna.it/gstatico/documenti/patrimonio_geologico/img/web/0833_MLama.jpg\", \"DIDASCALIA_FOTO\": \"Monte di Lama - Foto Archivio Servizio Geologico\", \"SHAPE.AREA\": 3103536.52936538, \"SHAPE.LEN\": 9316.7992844}","updated":"D.G.R. n 1084/2021 (12/07/21)","gpx":"","geositeId":"833.0"}},{"type":"Feature","id":"Geositi_catasto_aree:170","geometry":{"type":"MultiPolygon","coordinates":[[[[9.76557821,44.71111716],[9.76512966,44.71123975],[9.76491764,44.71115102],[9.76446717,44.71111368],[9.76404495,44.71108617],[9.76376134,44.71087795],[9.7635915,44.71077901],[9.76330854,44.71062077],[9.7633765,44.71041049],[9.76352835,44.71015973],[9.76367891,44.70979903],[9.76364734,44.70948939],[9.76364544,44.7093195],[9.76385368,44.70909834],[9.76389367,44.7089082],[9.76406038,44.70874725],[9.76445271,44.70866486],[9.76530962,44.70867952],[9.76587137,44.70867603],[9.76640964,44.70909241],[9.76669389,44.70940044],[9.76706127,44.70962793],[9.76751153,44.70975489],[9.76771018,44.70994351],[9.76795126,44.71016184],[9.76820649,44.71039008],[9.76830763,44.71062935],[9.7681002,44.71086069],[9.76789177,44.71101205],[9.76744363,44.71105505],[9.76712191,44.71111719],[9.76682749,44.71111917],[9.76622387,44.71106321],[9.76557821,44.71111716]]]]},"properties":{"id":"Geositi_catasto_aree:170","name":"Monte Cornale","kind":"area","source":"Regione Emilia-Romagna","sourceId":"rer-geosites","sourceLayer":"Geositi_catasto_aree","licence":"CC BY 4.0","retrievedAt":"2026-09-30T14:29:58.425806+00:00","sourceUrl":"https://servizigis.regione.emilia-romagna.it/wfs/geositi?service=WFS&version=2.0.0&request=GetFeature&typeNames=portale_geositi%3AGeositi_catasto_aree&outputFormat=GEOJSON&srsName=EPSG%3A4326&bbox=44.45%2C9.15%2C45.2%2C10.15%2CEPSG%3A4326&count=10000","recordUrl":"https://geo.regione.emilia-romagna.it/schede/geositi/scheda.jsp?id=809","description":"Alla sommità del Monte Carnale affiora il complesso di base del Flysch di Monte Cassio, formato da una breccia di materiale ofiolitico vario (brecce poligeniche). A sud due nicchie di distacco di frane mostrano la base di questo complesso pre flysch.","municipality":"MORFASSO (PC), VERNASCA (PC)","minerals":"","period":"","historicalStatus":"","positionNote":"Original source geometry; positional accuracy not supplied.","raw":"{\"GmlID\": \"Geositi_catasto_aree.170\", \"OBJECTID\": 170, \"GISID\": 809.0, \"PROVINCE\": \"Piacenza\", \"COMUNI\": \"MORFASSO (PC), VERNASCA (PC)\", \"LOCALITA\": \"MONTE CORNALE\", \"NOME\": \"Monte Cornale\", \"SINONIMIE\": \"null\", \"DIDASCALIA\": \"Alla sommità del Monte Carnale affiora il complesso di base del Flysch di Monte Cassio, formato da una breccia di materiale ofiolitico vario (brecce poligeniche). A sud due nicchie di distacco di frane mostrano la base di questo complesso pre flysch.\", \"DESCRIZIONE\": \"Pubblicabile\", \"VIGENTE\": \"D.G.R. n 1084/2021 (12/07/21)\", \"LISTA_ATTI\": \"D.G.R. n 1084/2021 (12/07/21); D.G.R. n 1302/2016 (01/09/16)\", \"GEOTIPI\": \"Passaggio stratigrafico\", \"GESSI_UNESCO\": \"null\", \"TIPO_ELEMENTO\": \"Geosito areale\", \"RILEVANZA\": \"Locale\", \"CATEGORIA\": \"3. Geosito di rilevanza locale (areale)\", \"CONTENUTOIN_REGIONALE\": 0.0, \"SCHEDA\": \"https://geo.regione.emilia-romagna.it/schede/geositi/scheda.jsp?id=809\", \"FOTO\": \"null\", \"DIDASCALIA_FOTO\": \"null\", \"SHAPE.AREA\": 78811.08169058, \"SHAPE.LEN\": 1109.95924666}","updated":"D.G.R. n 1084/2021 (12/07/21)","gpx":"","geositeId":"809.0"}},{"type":"Feature","id":"Geositi_catasto_aree:171","geometry":{"type":"MultiPolygon","coordinates":[[[[9.75317996,44.71497447],[9.75313061,44.71516921],[9.75301649,44.71537363],[9.75282342,44.71549522],[9.75252593,44.71557119],[9.75206035,44.71569451],[9.75181561,44.71583495],[9.75162267,44.71596579],[9.75128709,44.7161068],[9.75105497,44.71621937],[9.75090095,44.71634995],[9.75054004,44.71653739],[9.75020277,44.71654879],[9.75000982,44.71667962],[9.74970053,44.71684828],[9.74944389,44.71707212],[9.74897873,44.71723253],[9.74840976,44.71739361],[9.74780378,44.71770305],[9.74736797,44.71812247],[9.74705758,44.7182078],[9.74704181,44.71799499],[9.74712698,44.71755933],[9.74699407,44.7173195],[9.74659066,44.7172388],[9.7464194,44.71704551],[9.74608856,44.716557],[9.74629137,44.71618539],[9.74647916,44.71565649],[9.74617704,44.71538073],[9.74577016,44.71503158],[9.74579346,44.71482776],[9.7454296,44.71479308],[9.74526174,44.71485897],[9.74491339,44.7150186],[9.74464231,44.71513145],[9.74423916,44.71506925],[9.74406806,44.7148852],[9.74377786,44.71452601],[9.74337088,44.71416757],[9.74326215,44.71378868],[9.74325686,44.71338135],[9.74311159,44.71318785],[9.74279726,44.71296768],[9.74270199,44.71262572],[9.74255589,44.71236742],[9.74275836,44.71196802],[9.74283143,44.71159722],[9.74298258,44.71124446],[9.74319898,44.71091908],[9.74341419,44.7105011],[9.74352738,44.71022264],[9.74318891,44.71014153],[9.74297997,44.71004107],[9.74293864,44.7098562],[9.74300136,44.70968917],[9.74308872,44.70942013],[9.7430212,44.70921693],[9.74288941,44.70906045],[9.74283617,44.70895898],[9.74287403,44.70887541],[9.74297521,44.70867107],[9.74288233,44.70851435],[9.74294482,44.70832878],[9.74304839,44.70830955],[9.74343603,44.70817729],[9.74362804,44.70797228],[9.74393601,44.70770165],[9.74426899,44.70735675],[9.7445779,44.70716028],[9.74497692,44.70690767],[9.74542711,44.70659916],[9.74582711,44.7064205],[9.74622731,44.70626047],[9.74643261,44.70608332],[9.74667504,44.70576708],[9.74682833,44.70558096],[9.74698042,44.70530228],[9.74736656,44.70505899],[9.74810427,44.7049058],[9.7489983,44.70479773],[9.749907,44.7048192],[9.75064832,44.70494414],[9.75142736,44.70497627],[9.75212832,44.70499036],[9.75302617,44.70517919],[9.75324783,44.70526115],[9.75336533,44.70531597],[9.75358876,44.70553686],[9.75385232,44.70585012],[9.75410125,44.70602457],[9.75444311,44.70633747],[9.75481139,44.70669648],[9.75506036,44.70687094],[9.7553358,44.70709153],[9.75532843,44.70754527],[9.75533569,44.70810994],[9.75531473,44.70849889],[9.75530354,44.70863782],[9.75534569,44.70888752],[9.75520803,44.70928644],[9.75505478,44.70948179],[9.75495309,44.70964905],[9.75491704,44.70987146],[9.75485395,44.71001071],[9.75476526,44.71017789],[9.75461194,44.71036399],[9.75451018,44.710522],[9.75448543,44.71061472],[9.75441085,44.71086514],[9.75441242,44.71098549],[9.75440065,44.71107813],[9.75416917,44.71123694],[9.75395139,44.71145124],[9.75383727,44.71165567],[9.75381446,44.71189655],[9.75372739,44.71218413],[9.75363874,44.71235136],[9.75361473,44.71249965],[9.75363026,44.71269398],[9.75358077,44.71287947],[9.75359788,44.71319415],[9.75362856,44.71355504],[9.75358017,44.71382384],[9.7535826,44.714009],[9.753663,44.71420291],[9.75366543,44.71438807],[9.75342215,44.71463961],[9.75331895,44.71468656],[9.75325455,44.71472401],[9.75317996,44.71497447]]]]},"properties":{"id":"Geositi_catasto_aree:171","name":"Rocca Casali","kind":"area","source":"Regione Emilia-Romagna","sourceId":"rer-geosites","sourceLayer":"Geositi_catasto_aree","licence":"CC BY 4.0","retrievedAt":"2026-09-30T14:29:58.425806+00:00","sourceUrl":"https://servizigis.regione.emilia-romagna.it/wfs/geositi?service=WFS&version=2.0.0&request=GetFeature&typeNames=portale_geositi%3AGeositi_catasto_aree&outputFormat=GEOJSON&srsName=EPSG%3A4326&bbox=44.45%2C9.15%2C45.2%2C10.15%2CEPSG%3A4326&count=10000","recordUrl":"https://geo.regione.emilia-romagna.it/schede/geositi/scheda.jsp?id=810","description":"Rilievo che si eleva lungo la sponda destra dell'Arda, formato alla sommità da Calcari a Calpionelle e a metà versante da diaspri. Queste unità conservano la loro giacitura normale.","municipality":"MORFASSO (PC)","minerals":"","period":"","historicalStatus":"","positionNote":"Original source geometry; positional accuracy not supplied.","raw":"{\"GmlID\": \"Geositi_catasto_aree.171\", \"OBJECTID\": 171, \"GISID\": 810.0, \"PROVINCE\": \"Piacenza\", \"COMUNI\": \"MORFASSO (PC)\", \"LOCALITA\": \"Casali, ROCCA CASALI\", \"NOME\": \"Rocca Casali\", \"SINONIMIE\": \"null\", \"DIDASCALIA\": \"Rilievo che si eleva lungo la sponda destra dell'Arda, formato alla sommità da Calcari a Calpionelle e a metà versante da diaspri. Queste unità conservano la loro giacitura normale.\", \"DESCRIZIONE\": \"Pubblicabile\", \"VIGENTE\": \"D.G.R. n 1084/2021 (12/07/21)\", \"LISTA_ATTI\": \"D.G.R. n 1084/2021 (12/07/21); D.G.R. n 1302/2016 (01/09/16)\", \"GEOTIPI\": \"Successione stratigrafica\", \"GESSI_UNESCO\": \"null\", \"TIPO_ELEMENTO\": \"Geosito areale\", \"RILEVANZA\": \"Locale\", \"CATEGORIA\": \"3. Geosito di rilevanza locale (areale)\", \"CONTENUTOIN_REGIONALE\": 0.0, \"SCHEDA\": \"https://geo.regione.emilia-romagna.it/schede/geositi/scheda.jsp?id=810\", \"FOTO\": \"null\", \"DIDASCALIA_FOTO\": \"null\", \"SHAPE.AREA\": 1028927.80559443, \"SHAPE.LEN\": 4218.16237447}","updated":"D.G.R. n 1084/2021 (12/07/21)","gpx":"","geositeId":"810.0"}},{"type":"Feature","id":"Geositi_catasto_aree:180","geometry":{"type":"MultiPolygon","coordinates":[[[[9.68092079,44.70005405],[9.68033736,44.70030284],[9.67983222,44.7003204],[9.67926646,44.70033835],[9.67853898,44.70035729],[9.67805231,44.7002161],[9.677304,44.70017748],[9.67673727,44.70010889],[9.67625029,44.69993886],[9.67536081,44.69992994],[9.67469509,44.70004943],[9.6741699,44.70008152],[9.67356481,44.70020062],[9.6728375,44.70023394],[9.67245142,44.70004885],[9.67200393,44.69979203],[9.67145443,44.69944931],[9.67108705,44.69911975],[9.67067772,44.69864607],[9.6698648,44.69823251],[9.66949733,44.69788834],[9.66918588,44.69711085],[9.66859384,44.69655142],[9.66838732,44.69613403],[9.66925304,44.69582599],[9.67014064,44.69567661],[9.67072375,44.69539905],[9.67069816,44.69487909],[9.67093482,44.69431419],[9.6718795,44.69381748],[9.67286861,44.69371065],[9.67375698,44.6936333],[9.67436545,44.69384647],[9.67485512,44.69429145],[9.67516475,44.69491084],[9.67605483,44.6949922],[9.67716783,44.69513],[9.6779376,44.69529871],[9.67878876,44.69550992],[9.67941637,44.69560703],[9.68050961,44.6957734],[9.68129763,44.69575414],[9.68183001,44.69606907],[9.68225879,44.69627228],[9.68253944,44.69669121],[9.6822306,44.69712278],[9.6818451,44.69742951],[9.68166517,44.69791507],[9.68165359,44.69869388],[9.68149718,44.69917076],[9.68125847,44.69951835],[9.68092079,44.70005405]]]]},"properties":{"id":"Geositi_catasto_aree:180","name":"Monte Menegosa","kind":"area","source":"Regione Emilia-Romagna","sourceId":"rer-geosites","sourceLayer":"Geositi_catasto_aree","licence":"CC BY 4.0","retrievedAt":"2026-09-30T14:29:58.425806+00:00","sourceUrl":"https://servizigis.regione.emilia-romagna.it/wfs/geositi?service=WFS&version=2.0.0&request=GetFeature&typeNames=portale_geositi%3AGeositi_catasto_aree&outputFormat=GEOJSON&srsName=EPSG%3A4326&bbox=44.45%2C9.15%2C45.2%2C10.15%2CEPSG%3A4326&count=10000","recordUrl":"https://geo.regione.emilia-romagna.it/schede/geositi/scheda.jsp?id=824","description":"Il Monte Menegosa è un rilievo morfologicamente molto articolato, con diverse culminazioni, che si eleva scuro e spoglio dai circostanti, formato in parte da brecce ofiolitiche a matrice arenitica nelle quali sono inclusi grandi olistoliti serpentinitiche.","municipality":"MORFASSO (PC)","minerals":"","period":"","historicalStatus":"","positionNote":"Original source geometry; positional accuracy not supplied.","raw":"{\"GmlID\": \"Geositi_catasto_aree.180\", \"OBJECTID\": 180, \"GISID\": 824.0, \"PROVINCE\": \"Piacenza\", \"COMUNI\": \"MORFASSO (PC)\", \"LOCALITA\": \"M. MENEGOSA\", \"NOME\": \"Monte Menegosa\", \"SINONIMIE\": \"null\", \"DIDASCALIA\": \"Il Monte Menegosa è un rilievo morfologicamente molto articolato, con diverse culminazioni, che si eleva scuro e spoglio dai circostanti, formato in parte da brecce ofiolitiche a matrice arenitica nelle quali sono inclusi grandi olistoliti serpentinitiche.\", \"DESCRIZIONE\": \"Pubblicabile\", \"VIGENTE\": \"D.G.R. n 1084/2021 (12/07/21)\", \"LISTA_ATTI\": \"D.G.R. n 1084/2021 (12/07/21); D.G.R. n 1302/2016 (01/09/16)\", \"GEOTIPI\": \"Rupe, Serpentinite\", \"GESSI_UNESCO\": \"null\", \"TIPO_ELEMENTO\": \"Geosito areale\", \"RILEVANZA\": \"Locale\", \"CATEGORIA\": \"3. Geosito di rilevanza locale (areale)\", \"CONTENUTOIN_REGIONALE\": 0.0, \"SCHEDA\": \"https://geo.regione.emilia-romagna.it/schede/geositi/scheda.jsp?id=824\", \"FOTO\": \"null\", \"DIDASCALIA_FOTO\": \"null\", \"SHAPE.AREA\": 547189.79606696, \"SHAPE.LEN\": 3062.9312564}","updated":"D.G.R. n 1084/2021 (12/07/21)","gpx":"","geositeId":"824.0"}},{"type":"Feature","id":"Geositi_catasto_aree:333","geometry":{"type":"MultiPolygon","coordinates":[[[[9.88039139,44.81807799],[9.8805683,44.81784028],[9.88077906,44.81775684],[9.88095375,44.81776069],[9.88109267,44.817799],[9.88150517,44.81787223],[9.8818439,44.81781874],[9.8820225,44.81780464],[9.88222155,44.81789206],[9.88271897,44.81809788],[9.8827515,44.81809182],[9.88284532,44.818135],[9.88304179,44.8182269],[9.88312599,44.81826628],[9.88318089,44.8183231],[9.88330898,44.81845567],[9.88355483,44.81864453],[9.88370918,44.8187387],[9.88398979,44.81886364],[9.88411543,44.81889803],[9.88412502,44.81889432],[9.88416187,44.81894493],[9.88415524,44.81907228],[9.88408671,44.81925107],[9.88404254,44.81930634],[9.88407004,44.81932122],[9.88397511,44.81952593],[9.88386066,44.81964794],[9.88369079,44.81968755],[9.88330922,44.8199327],[9.88307848,44.82008102],[9.88280331,44.82025511],[9.88260705,44.82032667],[9.88240985,44.82034729],[9.88189003,44.82037675],[9.88154122,44.82037304],[9.88122829,44.82037542],[9.88083314,44.82028296],[9.88042929,44.8202033],[9.88010742,44.82020575],[9.87993789,44.82022613],[9.87925186,44.82036499],[9.8791175,44.82039854],[9.87910033,44.82039159],[9.87902764,44.8203285],[9.87891954,44.82028478],[9.87866827,44.82023577],[9.87855204,44.82023665],[9.87853165,44.82023114],[9.87830042,44.82016856],[9.87801304,44.82010073],[9.87777874,44.82000068],[9.87756256,44.81991322],[9.87749802,44.81980552],[9.87748734,44.81971014],[9.87751105,44.81953813],[9.87747298,44.81941113],[9.87748892,44.81930282],[9.87778451,44.81933241],[9.87829528,44.81939218],[9.87831418,44.81939674],[9.87862759,44.81947239],[9.8788143,44.8194137],[9.87900044,44.81932319],[9.8791691,44.8192519],[9.87928412,44.81918102],[9.87911304,44.81911232],[9.87895156,44.81908172],[9.87883402,44.81900624],[9.87886912,44.81896779],[9.87898435,44.81890964],[9.87909903,44.81881967],[9.87914021,44.81877674],[9.87925918,44.81877391],[9.87968596,44.81863702],[9.88014635,44.81837896],[9.88039139,44.81807799]]]]},"properties":{"id":"Geositi_catasto_aree:333","name":"Gessi di Vigoleno","kind":"area","source":"Regione Emilia-Romagna","sourceId":"rer-geosites","sourceLayer":"Geositi_catasto_aree","licence":"CC BY 4.0","retrievedAt":"2026-09-30T14:29:58.425806+00:00","sourceUrl":"https://servizigis.regione.emilia-romagna.it/wfs/geositi?service=WFS&version=2.0.0&request=GetFeature&typeNames=portale_geositi%3AGeositi_catasto_aree&outputFormat=GEOJSON&srsName=EPSG%3A4326&bbox=44.45%2C9.15%2C45.2%2C10.15%2CEPSG%3A4326&count=10000","recordUrl":"https://geo.regione.emilia-romagna.it/schede/geositi/scheda.jsp?id=2224","description":"In località Magrini, nei campi e in corrispondenza del fronte di una piccola cava abbandonata, è possibile vedere l'unico affioramento di Gessoso - Solfifera in area piacentina.","municipality":"VERNASCA (PC)","minerals":"","period":"","historicalStatus":"","positionNote":"Original source geometry; positional accuracy not supplied.","raw":"{\"GmlID\": \"Geositi_catasto_aree.333\", \"OBJECTID\": 333, \"GISID\": 2224.0, \"PROVINCE\": \"Piacenza\", \"COMUNI\": \"VERNASCA (PC)\", \"LOCALITA\": \"Magrini\", \"NOME\": \"Gessi di Vigoleno\", \"SINONIMIE\": \"null\", \"DIDASCALIA\": \"In località Magrini, nei campi e in corrispondenza del fronte di una piccola cava abbandonata, è possibile vedere l'unico affioramento di Gessoso - Solfifera in area piacentina.\", \"DESCRIZIONE\": \"Pubblicabile\", \"VIGENTE\": \"D.G.R. n 1084/2021 (12/07/21)\", \"LISTA_ATTI\": \"D.G.R. n 1084/2021 (12/07/21); D.G.R. n 1302/2016 (01/09/16)\", \"GEOTIPI\": \"Gesso, Cava\", \"GESSI_UNESCO\": \"null\", \"TIPO_ELEMENTO\": \"Geosito areale\", \"RILEVANZA\": \"Locale\", \"CATEGORIA\": \"3. Geosito di rilevanza locale (areale)\", \"CONTENUTOIN_REGIONALE\": 0.0, \"SCHEDA\": \"https://geo.regione.emilia-romagna.it/schede/geositi/scheda.jsp?id=2224\", \"FOTO\": \"https://geo.regione.emilia-romagna.it/gstatico/documenti/patrimonio_geologico/img/web/2224_MagriniVigoleno.jpg\", \"DIDASCALIA_FOTO\": \"Gessi a ferro di lancia in loc. Magrini - foto Gianluca Raineri\", \"SHAPE.AREA\": 97649.7823529, \"SHAPE.LEN\": 1426.8546088}","updated":"D.G.R. n 1084/2021 (12/07/21)","gpx":"","geositeId":"2224.0"}},{"type":"Feature","id":"Geositi_catasto_aree:380","geometry":{"type":"MultiPolygon","coordinates":[[[[9.85960729,44.84751371],[9.85961512,44.847519],[9.85961638,44.84759866],[9.85953559,44.84777771],[9.85940635,44.84806419],[9.85929443,44.84824466],[9.85924807,44.84831942],[9.8592433,44.84832711],[9.85928253,44.8483338],[9.85944451,44.84836141],[9.85986175,44.84831092],[9.86041184,44.84820002],[9.86094506,44.84807733],[9.8612793,44.84806311],[9.86134239,44.84808903],[9.86164952,44.84821522],[9.8617932,44.84827102],[9.86201641,44.84840538],[9.86236081,44.84867115],[9.86211744,44.84865555],[9.86156756,44.84846906],[9.8611158,44.84834243],[9.86081269,44.84839644],[9.86046164,44.84849404],[9.86014708,44.8485914],[9.85979758,44.84878415],[9.85943376,44.84883859],[9.85904647,44.8489451],[9.85849772,44.84883644],[9.85819105,44.84866552],[9.85796904,44.8484681],[9.85768617,44.84826252],[9.85770598,44.8479855],[9.85769087,44.84780392],[9.85741932,44.8475463],[9.85714904,44.84736656],[9.85702361,44.84713384],[9.85678734,44.84681541],[9.85656701,44.84672183],[9.85621028,44.84646484],[9.85529306,44.84611674],[9.85382669,44.84564324],[9.85317654,44.84532891],[9.85199866,44.84472481],[9.85142457,44.84458264],[9.85057211,44.84452944],[9.85019461,44.84450673],[9.85012001,44.84440346],[9.84979645,44.84398983],[9.84938837,44.84365438],[9.84924964,44.84336934],[9.84894223,44.8432239],[9.84861097,44.84311327],[9.84832831,44.84298507],[9.84786182,44.84280604],[9.84766323,44.84258222],[9.84742894,44.84241921],[9.84716965,44.84221311],[9.84675362,44.84213774],[9.84640996,44.84200141],[9.84599249,44.84182231],[9.84523213,44.8415588],[9.84485107,44.84136224],[9.84456935,44.84128615],[9.84412793,44.84113322],[9.84332915,44.84072324],[9.843121,44.84060984],[9.84287168,44.84040915],[9.84260095,44.84024445],[9.84221246,44.84005674],[9.8418254,44.83992844],[9.84130965,44.83977059],[9.84112131,44.8396481],[9.84070423,44.83937401],[9.84038477,44.83910809],[9.84001523,44.83871284],[9.83969605,44.83845543],[9.83926599,44.8380689],[9.83888485,44.83769925],[9.83845547,44.83735563],[9.83789193,44.83696972],[9.83758379,44.83660894],[9.83725348,44.83643858],[9.83711764,44.83625804],[9.83692139,44.83611257],[9.83640917,44.83598685],[9.83601864,44.83586883],[9.83587064,44.83568838],[9.83591682,44.83547183],[9.83588996,44.8352644],[9.83557213,44.83515424],[9.83526644,44.83504398],[9.83504574,44.83492437],[9.83449573,44.8347466],[9.83401954,44.83462888],[9.83365254,44.8345016],[9.83343048,44.83430389],[9.83324518,44.83412322],[9.83304808,44.83396865],[9.83287638,44.83388323],[9.83280482,44.83397911],[9.83281925,44.83412637],[9.83268845,44.83432672],[9.83247276,44.83454504],[9.83241539,44.83477086],[9.83223488,44.83490224],[9.8319077,44.83499138],[9.83164138,44.83508008],[9.83144861,44.83520291],[9.83109631,44.83524023],[9.83064343,44.8350702],[9.8303007,44.8349427],[9.8300434,44.83483189],[9.82974977,44.83473864],[9.82946714,44.83460885],[9.82888161,44.8342564],[9.82758102,44.83370264],[9.82641045,44.83305406],[9.82603114,44.83243727],[9.82555086,44.83210329],[9.82479013,44.8323535],[9.82427116,44.83286428],[9.82425515,44.83348354],[9.82402379,44.83384175],[9.82370612,44.83376912],[9.82309617,44.83356745],[9.82287417,44.83291284],[9.82283001,44.83288413],[9.82282798,44.8328733],[9.82280153,44.83275206],[9.82269171,44.83251006],[9.82253386,44.83231472],[9.82232102,44.8322355],[9.82201127,44.83219755],[9.82184031,44.83218163],[9.82155634,44.8322129],[9.82127179,44.83220949],[9.82103601,44.83220567],[9.82079191,44.83219035],[9.82054828,44.83220394],[9.82033781,44.83225772],[9.8200456,44.83228327],[9.81963858,44.83224618],[9.81938572,44.83219047],[9.81929097,44.8321612],[9.81923816,44.83211076],[9.81920329,44.83196074],[9.81916048,44.83182235],[9.81912589,44.83168967],[9.81918214,44.83164874],[9.81923223,44.8316284],[9.81925481,44.83161923],[9.81929723,44.83159988],[9.81942325,44.83147908],[9.81956757,44.83135648],[9.81976899,44.8312217],[9.82002739,44.83108642],[9.82062633,44.83089622],[9.82104735,44.83077696],[9.82128187,44.8306882],[9.82159754,44.83059298],[9.82194503,44.83044542],[9.82214692,44.83033956],[9.82215837,44.8303267],[9.8231199,44.829966],[9.82371779,44.82934191],[9.82452467,44.82862242],[9.8253604,44.82812793],[9.82583318,44.82804906],[9.82635766,44.82789477],[9.82653887,44.827825],[9.82656005,44.82782092],[9.82690195,44.8278046],[9.82728164,44.82777442],[9.82747149,44.82775933],[9.82786894,44.82764777],[9.82835971,44.82742708],[9.8286949,44.82728518],[9.82927145,44.82725179],[9.82975015,44.82754801],[9.83055255,44.82829281],[9.83059646,44.82835365],[9.83058089,44.82846045],[9.8306318,44.82859325],[9.8307227,44.82868524],[9.83086265,44.82879424],[9.83097728,44.82884552],[9.83113985,44.82884435],[9.83129457,44.8288606],[9.83152244,44.82887633],[9.8316936,44.82890404],[9.83181895,44.82892857],[9.83192195,44.82894872],[9.83193352,44.82895919],[9.83200445,44.8290234],[9.83213564,44.82909195],[9.83238091,44.82917704],[9.83250387,44.82923986],[9.83273261,44.8293077],[9.83288044,44.8293993],[9.83306032,44.82946171],[9.83331383,44.82955256],[9.83345307,44.82961526],[9.83347653,44.82964968],[9.8336907,44.82982848],[9.8337677,44.82994065],[9.83378892,44.83007576],[9.83387898,44.83016645],[9.83388166,44.83032875],[9.83388422,44.83048428],[9.83395643,44.83054347],[9.83410394,44.83056503],[9.83422304,44.83059134],[9.83438402,44.83066246],[9.83449059,44.83074635],[9.83451131,44.8308014],[9.83454,44.83090941],[9.83462019,44.83092693],[9.83475496,44.83094409],[9.8348683,44.83095861],[9.83496402,44.83095627],[9.83503488,44.83098286],[9.83511804,44.8310364],[9.83506963,44.83112234],[9.83508941,44.83117182],[9.83505534,44.83126214],[9.83504873,44.83134329],[9.8350614,44.83139726],[9.83527591,44.83135024],[9.8355009,44.83118671],[9.83582396,44.83100429],[9.83584011,44.83098418],[9.83592264,44.83107212],[9.83654626,44.83126052],[9.83729527,44.83147218],[9.8374697,44.831644],[9.8379718,44.83208578],[9.83823529,44.83235054],[9.83853112,44.83261539],[9.83881904,44.83289758],[9.83908068,44.83304113],[9.8395379,44.83324751],[9.83976807,44.83346627],[9.83996569,44.83367936],[9.84020378,44.83388649],[9.84053982,44.83413946],[9.84088293,44.83431726],[9.84109469,44.83438],[9.84141267,44.83450009],[9.84189438,44.83473506],[9.84195046,44.83475793],[9.84208215,44.83485923],[9.84263634,44.83528774],[9.84370546,44.83595349],[9.84422283,44.83636424],[9.84492427,44.83686014],[9.84544089,44.83720199],[9.8458721,44.83753584],[9.84654808,44.83794569],[9.84697834,44.83821045],[9.84739632,44.83846669],[9.84767896,44.83862888],[9.8484163,44.83904715],[9.84932465,44.83946459],[9.84975432,44.83965213],[9.84992703,44.83978084],[9.84981926,44.83991144],[9.84963022,44.84031097],[9.84957412,44.84063167],[9.84976051,44.84085557],[9.85055801,44.84126533],[9.85121021,44.84177094],[9.85154061,44.84190679],[9.85188238,44.8419906],[9.85205542,44.84217095],[9.85253367,44.84242669],[9.85288926,44.84261416],[9.8532218,44.84287966],[9.85329,44.84334631],[9.85361516,44.84388869],[9.85381391,44.8441379],[9.85418338,44.84442042],[9.85461403,44.84474604],[9.85500785,44.84504598],[9.85560865,44.84537038],[9.85644455,44.84594401],[9.8570718,44.84638938],[9.85764887,44.84673996],[9.85846843,44.84703703],[9.85877521,44.84719932],[9.85960729,44.84751371]]]]},"properties":{"id":"Geositi_catasto_aree:380","name":"Calanchi di Monte Giogo e affioramenti di Monte Padova e Monte Falcone","kind":"area","source":"Regione Emilia-Romagna","sourceId":"rer-geosites","sourceLayer":"Geositi_catasto_aree","licence":"CC BY 4.0","retrievedAt":"2026-09-30T14:29:58.425806+00:00","sourceUrl":"https://servizigis.regione.emilia-romagna.it/wfs/geositi?service=WFS&version=2.0.0&request=GetFeature&typeNames=portale_geositi%3AGeositi_catasto_aree&outputFormat=GEOJSON&srsName=EPSG%3A4326&bbox=44.45%2C9.15%2C45.2%2C10.15%2CEPSG%3A4326&count=10000","recordUrl":"https://geo.regione.emilia-romagna.it/schede/geositi/scheda.jsp?id=2108","description":"Affioramenti fossiliferi in terreni del Pliocene che comprendono lo storico stratotipo del Piacenziano. Qui venne ritrovato nel 1842 lo scheletro quasi completo di Delphinapterus brocchii; ritrovamenti storici di Cetotherium capellinii e di cetacei misticeti.","municipality":"CASTELL'ARQUATO (PC), LUGAGNANO VAL D'ARDA (PC)","minerals":"","period":"","historicalStatus":"","positionNote":"Original source geometry; positional accuracy not supplied.","raw":"{\"GmlID\": \"Geositi_catasto_aree.380\", \"OBJECTID\": 380, \"GISID\": 2108.0, \"PROVINCE\": \"Piacenza\", \"COMUNI\": \"CASTELL'ARQUATO (PC), LUGAGNANO VAL D'ARDA (PC)\", \"LOCALITA\": \"M. Padova, Monte Falcone, Monte Giogo\", \"NOME\": \"Calanchi di Monte Giogo e affioramenti di Monte Padova e Monte Falcone\", \"SINONIMIE\": \"null\", \"DIDASCALIA\": \"Affioramenti fossiliferi in terreni del Pliocene che comprendono lo storico stratotipo del Piacenziano. Qui venne ritrovato nel 1842 lo scheletro quasi completo di Delphinapterus brocchii; ritrovamenti storici di Cetotherium capellinii e di cetacei misticeti.\", \"DESCRIZIONE\": \"Pubblicabile\", \"VIGENTE\": \"D.G.R. n 1084/2021 (12/07/21)\", \"LISTA_ATTI\": \"D.G.R. n 1084/2021 (12/07/21); D.G.R. n 1302/2016 (01/09/16)\", \"GEOTIPI\": \"Cetacei fossili, Stratotipo, Molluschi bivalvi, Molluschi gasteropodi, Molluschi scafopodi\", \"GESSI_UNESCO\": \"null\", \"TIPO_ELEMENTO\": \"Geosito areale\", \"RILEVANZA\": \"Regionale\", \"CATEGORIA\": \"1. Geosito di rilevanza regionale (areale)\", \"CONTENUTOIN_REGIONALE\": 0.0, \"SCHEDA\": \"https://geo.regione.emilia-romagna.it/schede/geositi/scheda.jsp?id=2108\", \"FOTO\": \"https://geo.regione.emilia-romagna.it/gstatico/documenti/patrimonio_geologico/img/web/2108_MGiogo_01.jpg\", \"DIDASCALIA_FOTO\": \"Calanchi di Monte Giogo e affioramenti di Monte Padova e Monte Falcone - Foto Archivio Servizio Geologico\", \"SHAPE.AREA\": 1372953.27168702, \"SHAPE.LEN\": 9549.42929203}","updated":"D.G.R. n 1084/2021 (12/07/21)","gpx":"","geositeId":"2108.0"}},{"type":"Feature","id":"Geositi_catasto_aree:381","geometry":{"type":"MultiPolygon","coordinates":[[[[9.77269606,44.84237136],[9.77237111,44.8422014],[9.77230835,44.84201516],[9.77232648,44.8418427],[9.77248377,44.84149687],[9.77273982,44.84097798],[9.77324043,44.84067269],[9.77364099,44.84043994],[9.77406168,44.84020703],[9.77458371,44.83998788],[9.77528522,44.83959513],[9.77572397,44.83917526],[9.77584028,44.83880039],[9.77579516,44.83842668],[9.77579222,44.83819652],[9.77594979,44.83789329],[9.7763097,44.83763178],[9.77699019,44.83719533],[9.77710681,44.83684923],[9.77704239,44.83654758],[9.7771379,44.83612969],[9.77745271,44.83550882],[9.77784932,44.83497391],[9.77798379,44.83445538],[9.77844218,44.834021],[9.77906816,44.83405992],[9.77985554,44.83409774],[9.78040491,44.83443882],[9.78121509,44.83466306],[9.78158005,44.83478978],[9.78202058,44.83454263],[9.78207574,44.8341546],[9.78207039,44.83376697],[9.78192345,44.83335153],[9.78167843,44.83313773],[9.78157344,44.83283683],[9.78154698,44.83237748],[9.78103984,44.83216517],[9.78095606,44.83193587],[9.78119316,44.83157539],[9.78151225,44.83131503],[9.78213623,44.83123969],[9.7827006,44.83123635],[9.78328428,44.83117552],[9.78384841,44.83115783],[9.78441107,44.83103974],[9.78471339,44.83103794],[9.78483667,44.831195],[9.78514343,44.83149447],[9.7855262,44.83147784],[9.78595095,44.83157574],[9.78633624,44.83173128],[9.78648196,44.83204605],[9.78678725,44.8322451],[9.78735377,44.83238521],[9.78743735,44.83258558],[9.78715704,44.83271638],[9.78710057,44.83298931],[9.7874059,44.83318837],[9.7879716,44.83327111],[9.7884762,44.83331115],[9.78857974,44.83349706],[9.7887253,44.83379751],[9.78935173,44.83389423],[9.78967875,44.8341936],[9.78960471,44.83463884],[9.78918857,44.83512913],[9.78933267,44.83532915],[9.78991754,44.83534006],[9.79058572,44.83549363],[9.79129271,44.83553198],[9.79171632,44.83551479],[9.792482,44.83542353],[9.7929314,44.83579376],[9.79345841,44.83594811],[9.79376467,44.83619006],[9.79411264,44.83651774],[9.79439717,44.83663035],[9.79464084,44.83671457],[9.79486575,44.8368994],[9.79509123,44.83712728],[9.79537567,44.83723987],[9.79578189,44.83739455],[9.7960657,44.83746409],[9.79655344,44.83767552],[9.7967572,44.83780308],[9.79702055,44.83785841],[9.79730292,44.83782748],[9.79752626,44.83791183],[9.79795116,44.83796587],[9.79831403,44.83791993],[9.79861838,44.83803231],[9.79890179,44.83808746],[9.79930725,44.83821337],[9.79961156,44.83832575],[9.80001772,44.83850905],[9.80028033,44.83852129],[9.800705,44.83857529],[9.80147515,44.83881307],[9.8020048,44.83919624],[9.80271588,44.83953507],[9.80340761,44.83991724],[9.80403698,44.84017067],[9.80464637,44.84043861],[9.80505353,44.84067947],[9.80521808,44.84089355],[9.80536428,44.84123704],[9.80552965,44.84150856],[9.80585547,44.84170699],[9.80618025,44.8418052],[9.80650715,44.84201864],[9.80665304,44.84230499],[9.8067359,44.84243373],[9.80696071,44.84257599],[9.80724738,44.8427897],[9.80739216,44.84298989],[9.80780025,44.84318852],[9.80820905,44.84343025],[9.80857646,44.84361481],[9.80888312,44.84379974],[9.80922922,44.84391261],[9.80947517,44.84409792],[9.80982242,44.84428264],[9.81031067,44.84443788],[9.81047586,44.84465248],[9.81052058,44.84492522],[9.81040523,44.8453138],[9.81030764,44.84554424],[9.81008885,44.84578973],[9.80969117,44.84628053],[9.809331,44.8465843],[9.8092312,44.84668544],[9.80876349,44.84658754],[9.80821342,44.84640391],[9.80766426,44.84627776],[9.80693381,44.84622448],[9.80644445,44.84602619],[9.80615506,44.84564005],[9.80581759,44.84468017],[9.80585105,44.84420593],[9.80501803,44.84383922],[9.80440721,44.84348506],[9.80401973,44.8432153],[9.80336868,44.84286151],[9.80281696,44.84239204],[9.80232865,44.84212311],[9.80192129,44.84186789],[9.80143386,44.84165641],[9.80088425,44.84133054],[9.80043758,44.84114744],[9.80013159,44.84092013],[9.79968553,44.84078011],[9.79937912,44.84052409],[9.79895386,44.84042697],[9.79848925,44.84040199],[9.7982442,44.8402029],[9.7978395,44.84013431],[9.79749531,44.8400652],[9.79719005,44.83989529],[9.79656157,44.83971358],[9.79613492,44.83953033],[9.79556673,44.83933387],[9.79520129,44.83919325],[9.79491864,44.83919549],[9.79461394,44.83906873],[9.79436795,44.83881231],[9.79382099,44.83868729],[9.79353448,44.83841657],[9.79314956,44.83831878],[9.79256117,44.83810755],[9.79223327,44.83776528],[9.79182361,44.83735176],[9.79149862,44.83721042],[9.79131511,44.83708246],[9.79100885,44.83684047],[9.7908628,44.83651123],[9.79069617,44.83615339],[9.79016854,44.83595592],[9.78968468,44.83597333],[9.78934229,44.83600416],[9.78901803,44.83589123],[9.7883728,44.83589516],[9.78796873,44.83584015],[9.78766806,44.83597132],[9.78734742,44.83611701],[9.78698387,44.83607613],[9.78651911,44.8360071],[9.78607568,44.8360242],[9.7856951,44.83622806],[9.78543745,44.83657495],[9.78517824,44.83680682],[9.78433295,44.83697084],[9.7839519,44.83714606],[9.78361287,44.83745047],[9.78367834,44.83782398],[9.78358126,44.83811233],[9.78334195,44.83832977],[9.78322504,44.83864705],[9.78288501,44.83887962],[9.78216115,44.83908617],[9.78183994,44.83921795],[9.78136069,44.83962362],[9.7808392,44.83988578],[9.78009788,44.84032183],[9.77965711,44.84058345],[9.77925725,44.84088785],[9.77871342,44.84097792],[9.77768561,44.84110019],[9.77724269,44.84118953],[9.77663868,44.84130877],[9.77589555,44.84160133],[9.77501043,44.84183749],[9.7740653,44.84211718],[9.77344274,44.8423659],[9.77299999,44.84246967],[9.77269606,44.84237136]]]]},"properties":{"id":"Geositi_catasto_aree:381","name":"Voragine di Montezago, Calanchi dei rii Stramonte e Carbonaro","kind":"area","source":"Regione Emilia-Romagna","sourceId":"rer-geosites","sourceLayer":"Geositi_catasto_aree","licence":"CC BY 4.0","retrievedAt":"2026-09-30T14:29:58.425806+00:00","sourceUrl":"https://servizigis.regione.emilia-romagna.it/wfs/geositi?service=WFS&version=2.0.0&request=GetFeature&typeNames=portale_geositi%3AGeositi_catasto_aree&outputFormat=GEOJSON&srsName=EPSG%3A4326&bbox=44.45%2C9.15%2C45.2%2C10.15%2CEPSG%3A4326&count=10000","recordUrl":"https://geo.regione.emilia-romagna.it/schede/geositi/scheda.jsp?id=2114","description":"Affioramenti calanchivi molto fossiliferi in rocce argillose e sabbiose del Pliocene medio-superiore, tra la valle dei torrenti Chero e Chiavenna. Numerosi i ritrovamenti, storici e recenti, eccezionalmente conservati, di cetacei fossili.","municipality":"LUGAGNANO VAL D'ARDA (PC)","minerals":"","period":"","historicalStatus":"","positionNote":"Original source geometry; positional accuracy not supplied.","raw":"{\"GmlID\": \"Geositi_catasto_aree.381\", \"OBJECTID\": 381, \"GISID\": 2114.0, \"PROVINCE\": \"Piacenza\", \"COMUNI\": \"LUGAGNANO VAL D'ARDA (PC)\", \"LOCALITA\": \"Case Pradera, Diolo, Osteria\", \"NOME\": \"Voragine di Montezago, Calanchi dei rii Stramonte e Carbonaro\", \"SINONIMIE\": \"null\", \"DIDASCALIA\": \"Affioramenti calanchivi molto fossiliferi in rocce argillose e sabbiose del Pliocene medio-superiore, tra la valle dei torrenti Chero e Chiavenna. Numerosi i ritrovamenti, storici e recenti, eccezionalmente conservati, di cetacei fossili.\", \"DESCRIZIONE\": \"Pubblicabile\", \"VIGENTE\": \"D.G.R. n 1084/2021 (12/07/21)\", \"LISTA_ATTI\": \"D.G.R. n 1084/2021 (12/07/21); D.G.R. n 1302/2016 (01/09/16)\", \"GEOTIPI\": \"Cetacei fossili, Molluschi bivalvi, Molluschi gasteropodi, Molluschi scafopodi, Calanchi, Successione stratigrafica\", \"GESSI_UNESCO\": \"null\", \"TIPO_ELEMENTO\": \"Geosito areale\", \"RILEVANZA\": \"Regionale\", \"CATEGORIA\": \"1. Geosito di rilevanza regionale (areale)\", \"CONTENUTOIN_REGIONALE\": 0.0, \"SCHEDA\": \"https://geo.regione.emilia-romagna.it/schede/geositi/scheda.jsp?id=2114\", \"FOTO\": \"https://geo.regione.emilia-romagna.it/gstatico/documenti/patrimonio_geologico/img/web/2114_Montezago.jpg\", \"DIDASCALIA_FOTO\": \"Voragine di Montezago, Calanchi dei rii Stramonte e Carbonaro - Foto Archivio Servizio Geologico\", \"SHAPE.AREA\": 1126225.19155529, \"SHAPE.LEN\": 8948.40995227}","updated":"D.G.R. n 1084/2021 (12/07/21)","gpx":"","geositeId":"2114.0"}},{"type":"Feature","id":"Geositi_catasto_aree:382","geometry":{"type":"MultiPolygon","coordinates":[[[[9.50190719,44.54785414],[9.50232199,44.54809189],[9.50275329,44.54821947],[9.50363949,44.54858777],[9.50411652,44.54876369],[9.50459202,44.54876164],[9.50522618,44.54877509],[9.50579336,44.54890207],[9.50618051,44.54912685],[9.50674778,44.54915662],[9.50706425,44.54904194],[9.50774427,44.54900649],[9.50817562,44.54905306],[9.50865329,44.54919645],[9.50904161,44.54946965],[9.50958868,44.54972593],[9.51022454,44.54977137],[9.5110175,44.54960547],[9.51174338,44.54953696],[9.51204005,44.54968091],[9.51224873,44.55010016],[9.51254921,44.55061587],[9.51284684,44.55085673],[9.51339431,44.55111234],[9.51385172,44.55144913],[9.51439824,44.55171983],[9.51501111,44.55187661],[9.51571558,44.55214589],[9.51607965,44.55233708],[9.51617366,44.55270818],[9.51647368,44.55332033],[9.51663573,44.55370721],[9.51656992,44.55393404],[9.51627804,44.55419473],[9.51605514,44.55456805],[9.51624088,44.55506797],[9.51653825,44.55540565],[9.51733405,44.55580522],[9.51817446,44.55614026],[9.51869558,44.55621894],[9.51926137,44.55623267],[9.51975987,44.55631144],[9.52028202,44.55650344],[9.52062331,44.55671242],[9.52127975,44.55674193],[9.52200759,44.55715968],[9.52275733,44.55749638],[9.52327862,44.55759123],[9.52402529,44.55758794],[9.52459125,44.55761782],[9.52481898,44.55777872],[9.52477564,44.55798938],[9.52475566,44.55828089],[9.52446796,44.55899452],[9.52431515,44.55961041],[9.52452246,44.56001424],[9.52475181,44.56035322],[9.52470949,44.56067721],[9.5245793,44.561293],[9.52449276,44.56173051],[9.52424605,44.56197445],[9.52365976,44.56220369],[9.52311742,44.56228702],[9.52259711,44.5623055],[9.52230469,44.56250106],[9.5221044,44.56287431],[9.52168044,44.56353996],[9.5215289,44.56430155],[9.52153327,44.56478723],[9.52180819,44.56515839],[9.52221932,44.56557753],[9.52251789,44.56606192],[9.5225452,44.56657987],[9.52250389,44.56701718],[9.5223243,44.56717988],[9.52187199,44.56721424],[9.52137442,44.5672488],[9.52063155,44.56768918],[9.51997847,44.56804821],[9.51973186,44.56830833],[9.51968878,44.56855137],[9.51975988,44.56890723],[9.51960452,44.5692479],[9.5194934,44.56947504],[9.51963209,44.56979824],[9.51979357,44.57013752],[9.51965996,44.57038096],[9.51943626,44.57067335],[9.51964358,44.57107719],[9.51991952,44.57156168],[9.51996697,44.57180433],[9.5197881,44.57204795],[9.51963418,44.5725505],[9.52002256,44.57295355],[9.52052338,44.57327516],[9.52061639,44.57354997],[9.52039108,44.57366429],[9.52018782,44.57371375],[9.51961851,44.57332768],[9.5189127,44.57286126],[9.51866171,44.5726357],[9.51791252,44.57237993],[9.51723096,44.57209147],[9.51675568,44.57209353],[9.51630463,44.57227358],[9.51583282,44.57266418],[9.5153832,44.57300611],[9.51456829,44.57299345],[9.5138893,44.57299638],[9.51307282,44.57280562],[9.51257605,44.57293728],[9.51233039,44.57331071],[9.51206238,44.57371662],[9.51181557,44.57396052],[9.51149886,44.57397807],[9.51097829,44.57398031],[9.51041162,44.5738856],[9.50993419,44.57364482],[9.50925332,44.57343744],[9.50898099,44.57335773],[9.50897985,44.57322824],[9.50900021,44.57296915],[9.50897585,44.57277501],[9.50879307,44.5725816],[9.50854282,44.57243709],[9.5083149,44.5722601],[9.50779218,44.57201977],[9.50717735,44.57160189],[9.50679257,44.57160372],[9.50652154,44.57166974],[9.50604666,44.57172054],[9.50557123,44.57185253],[9.50514111,44.57196809],[9.50482523,44.57216393],[9.50432681,44.57224747],[9.50385064,44.57228234],[9.5034202,44.57234932],[9.502718,44.57246625],[9.50228761,44.5725332],[9.50185693,44.57260007],[9.50153743,44.5724722],[9.50119485,44.57231209],[9.50078342,44.57208762],[9.50051108,44.57212127],[9.50005625,44.57209107],[9.4995317,44.57191565],[9.49920501,44.57174059],[9.49899275,44.57142301],[9.49916578,44.57090893],[9.49929519,44.5705067],[9.49955555,44.56985018],[9.49974378,44.56939481],[9.49996115,44.56888646],[9.50013297,44.56828321],[9.5002456,44.56770137],[9.50026907,44.56710938],[9.5001755,44.56667647],[9.49991787,44.56617035],[9.49968648,44.56532587],[9.49987217,44.56461683],[9.49981784,44.56366583],[9.49942323,44.56275859],[9.49900466,44.56241166],[9.49866113,44.56214895],[9.4982603,44.56210849],[9.49793416,44.56210996],[9.49762313,44.56209013],[9.49737095,44.56202778],[9.49701427,44.56186014],[9.49680695,44.56185045],[9.49652581,44.56186222],[9.49614255,44.56205415],[9.49555259,44.5623104],[9.49509424,44.56237578],[9.49466462,44.56233531],[9.49441193,44.56220951],[9.49405528,44.56204186],[9.49371383,44.56191642],[9.49326976,44.56190772],[9.49296106,44.56216276],[9.49260803,44.56242855],[9.49234129,44.56238738],[9.4919842,44.56215628],[9.49173139,44.56200932],[9.49131752,44.56207449],[9.49113957,44.56203294],[9.49091602,44.56184357],[9.49063432,44.56178131],[9.49016185,44.56192073],[9.48973268,44.56192252],[9.48945165,44.56194483],[9.48918586,44.56201995],[9.48900947,44.5621687],[9.4888182,44.56230694],[9.48858149,44.5623185],[9.48819635,44.56227781],[9.4877657,44.56209986],[9.48745302,44.56186856],[9.48727319,44.56159442],[9.48719766,44.56140443],[9.48682681,44.56130024],[9.48644049,44.56111153],[9.48703194,44.56104565],[9.48837688,44.56081804],[9.48899733,44.56067801],[9.48937987,44.56040153],[9.49021756,44.5596791],[9.49120174,44.55877632],[9.49146422,44.55829945],[9.49200397,44.55734566],[9.49260108,44.55616959],[9.4929377,44.55571355],[9.49278816,44.55552387],[9.49229757,44.55525104],[9.49205907,44.55504059],[9.49178579,44.55419592],[9.49131643,44.55289746],[9.49110314,44.55214769],[9.4908001,44.55128198],[9.4905731,44.55066949],[9.49040328,44.55021007],[9.49039443,44.54913401],[9.49077409,44.5487021],[9.4909264,44.5472536],[9.49108613,44.54672371],[9.49152374,44.54668297],[9.49204382,44.54668115],[9.49259042,44.54658127],[9.49324537,44.54634393],[9.49368201,44.54618577],[9.49436531,44.54606583],[9.49477768,44.54627961],[9.49521494,44.5461996],[9.4955152,44.54610058],[9.49611539,44.54586344],[9.49704437,44.54566431],[9.49742772,44.54568245],[9.49797352,44.54548484],[9.49857254,44.54511073],[9.49969124,44.54469527],[9.5003761,44.54477059],[9.50092657,44.54513984],[9.50194329,44.54562444],[9.50227416,44.54591639],[9.5024428,44.54644371],[9.50225465,44.54685523],[9.50182246,44.54754158],[9.50190719,44.54785414]]]]},"properties":{"id":"Geositi_catasto_aree:382","name":"Area ofiolitica tra Monte Nero, Monte Maggiorasca, Monte Bue e Groppo delle Ali","kind":"area","source":"Regione Emilia-Romagna","sourceId":"rer-geosites","sourceLayer":"Geositi_catasto_aree","licence":"CC BY 4.0","retrievedAt":"2026-09-30T14:29:58.425806+00:00","sourceUrl":"https://servizigis.regione.emilia-romagna.it/wfs/geositi?service=WFS&version=2.0.0&request=GetFeature&typeNames=portale_geositi%3AGeositi_catasto_aree&outputFormat=GEOJSON&srsName=EPSG%3A4326&bbox=44.45%2C9.15%2C45.2%2C10.15%2CEPSG%3A4326&count=10000","recordUrl":"https://geo.regione.emilia-romagna.it/schede/geositi/scheda.jsp?id=2115","description":"Importante area di affioramento di rocce ofiolitiche che forma il crinale tra le valli di Ceno, Nure e Aveto. Affiorano serpentiniti, basalti e rocce granitoidi, comprese tra arenarie ofiolitiche (Arenarie del Casanova) e Argille e Palombini.","municipality":"BEDONIA (PR), FERRIERE (PC)","minerals":"","period":"","historicalStatus":"","positionNote":"Original source geometry; positional accuracy not supplied.","raw":"{\"GmlID\": \"Geositi_catasto_aree.382\", \"OBJECTID\": 382, \"GISID\": 2115.0, \"PROVINCE\": \"Parma, Piacenza\", \"COMUNI\": \"BEDONIA (PR), FERRIERE (PC)\", \"LOCALITA\": \"Groppo delle Ali, Monte Maggiorasca, Monte Nero\", \"NOME\": \"Area ofiolitica tra Monte Nero, Monte Maggiorasca, Monte Bue e Groppo delle Ali\", \"SINONIMIE\": \"null\", \"DIDASCALIA\": \"Importante area di affioramento di rocce ofiolitiche che forma il crinale tra le valli di Ceno, Nure e Aveto. Affiorano serpentiniti, basalti e rocce granitoidi, comprese tra arenarie ofiolitiche (Arenarie del Casanova) e Argille e Palombini.\", \"DESCRIZIONE\": \"Pubblicabile\", \"VIGENTE\": \"D.G.R. n 1084/2021 (12/07/21)\", \"LISTA_ATTI\": \"D.G.R. n 1084/2021 (12/07/21); D.G.R. n 1302/2016 (01/09/16)\", \"GEOTIPI\": \"Basalto, Granito, Serpentinite, Deformazioni gravitative profonde di versante, Falda di detrito, Lago glaciale\", \"GESSI_UNESCO\": \"null\", \"TIPO_ELEMENTO\": \"Geosito areale\", \"RILEVANZA\": \"Regionale\", \"CATEGORIA\": \"1. Geosito di rilevanza regionale (areale)\", \"CONTENUTOIN_REGIONALE\": 0.0, \"SCHEDA\": \"https://geo.regione.emilia-romagna.it/schede/geositi/scheda.jsp?id=2115\", \"FOTO\": \"https://geo.regione.emilia-romagna.it/gstatico/documenti/patrimonio_geologico/img/web/2115_MMaggiorasca.jpg\", \"DIDASCALIA_FOTO\": \"Monte Maggiorasca - Foto Archivio Servizio Geologico\", \"SHAPE.AREA\": 5538928.73853689, \"SHAPE.LEN\": 12000.45591571}","updated":"D.G.R. n 1084/2021 (12/07/21)","gpx":"","geositeId":"2115.0"}},{"type":"Feature","id":"Geositi_catasto_aree:390","geometry":{"type":"MultiPolygon","coordinates":[[[[9.73792258,45.06250605],[9.73999129,45.06517982],[9.74273334,45.06695225],[9.74528178,45.06865843],[9.74773165,45.07036617],[9.75037606,45.07207126],[9.7532084,45.07363787],[9.75419436,45.0748702],[9.75421076,45.07645116],[9.75296811,45.07859004],[9.75359479,45.0820958],[9.75557567,45.08435117],[9.76009943,45.08741544],[9.7627526,45.08981097],[9.76528214,45.09021124],[9.76926106,45.09018907],[9.77370529,45.08933487],[9.77709248,45.08814013],[9.77931614,45.08667693],[9.78105885,45.08569914],[9.78162428,45.08424864],[9.78267302,45.08272573],[9.78420711,45.08126807],[9.78341593,45.08024121],[9.78213907,45.07921812],[9.78270975,45.07838801],[9.78599066,45.07677875],[9.78733221,45.07546021],[9.78857316,45.07393628],[9.79011123,45.07275351],[9.79115042,45.07068018],[9.79199988,45.06895279],[9.79517927,45.06706864],[9.79719079,45.06505774],[9.79910021,45.06263747],[9.80062517,45.06063535],[9.80089906,45.05946577],[9.80077785,45.05720405],[9.80123818,45.05493497],[9.80344921,45.05374397],[9.80576543,45.05352183],[9.80770552,45.05371463],[9.80882109,45.0569356],[9.81042528,45.06001634],[9.81480175,45.06026112],[9.81867703,45.05947806],[9.81972336,45.05809661],[9.81881615,45.05611045],[9.82061343,45.05307285],[9.82216726,45.05299247],[9.82315866,45.05422338],[9.82529551,45.0541388],[9.82820809,45.05390992],[9.83145677,45.05656937],[9.83557618,45.05915358],[9.83674607,45.05948934],[9.83845341,45.06333018],[9.83774945,45.06828468],[9.83820182,45.0726827],[9.83842007,45.07433187],[9.83746657,45.07557696],[9.83751181,45.07867471],[9.84121468,45.07940581],[9.84481792,45.08000412],[9.8498721,45.08018216],[9.85150318,45.07879436],[9.85409217,45.07650528],[9.85486842,45.07643068],[9.85824308,45.07468479],[9.86181486,45.07314372],[9.86423951,45.07285018],[9.86637794,45.0729029],[9.8701458,45.07149775],[9.8751705,45.06966916],[9.8785545,45.06854059],[9.88069621,45.06879915],[9.88489982,45.07048846],[9.88734751,45.07170912],[9.89020406,45.0742343],[9.89373079,45.07613445],[9.89813942,45.07871402],[9.90050003,45.08062242],[9.89980248,45.08092789],[9.89767109,45.08196864],[9.89607721,45.08031393],[9.8934027,45.07819962],[9.8901966,45.07655677],[9.88604392,45.0751551],[9.88305846,45.07444644],[9.88123776,45.07425563],[9.87917913,45.07471045],[9.87684956,45.07636703],[9.87482253,45.07892827],[9.87313138,45.08186724],[9.87252397,45.08269117],[9.87082208,45.08492791],[9.86859135,45.08772469],[9.86683731,45.08923054],[9.86434973,45.0914151],[9.86197674,45.0929842],[9.85955925,45.09434874],[9.85708856,45.09492346],[9.85424601,45.09550088],[9.850782,45.09596572],[9.84834919,45.09630427],[9.8467444,45.09675388],[9.84277666,45.09665976],[9.83862939,45.09560438],[9.83517512,45.09390225],[9.83367203,45.0928301],[9.83270342,45.09157838],[9.83192566,45.08924212],[9.83214041,45.08695715],[9.83149389,45.0851176],[9.83071075,45.0824008],[9.83157971,45.07964267],[9.83245454,45.07729432],[9.83350432,45.07561799],[9.83418538,45.07415025],[9.83499419,45.07294526],[9.83535198,45.07197752],[9.83524569,45.07034076],[9.83521445,45.06817746],[9.83441365,45.06707204],[9.83394371,45.06599353],[9.83408575,45.06438454],[9.8338055,45.06213524],[9.83257111,45.05960026],[9.83088873,45.05765303],[9.82882229,45.05500768],[9.82786166,45.05434138],[9.82765414,45.0542844],[9.82592617,45.05479533],[9.82477663,45.05527192],[9.82386502,45.05510281],[9.82249153,45.0544691],[9.82215034,45.0537989],[9.82103572,45.05386554],[9.82015071,45.05536296],[9.82008634,45.05647348],[9.82059742,45.05740472],[9.82061807,45.05866071],[9.82013054,45.0591607],[9.81869967,45.06016435],[9.81651981,45.06082248],[9.81677473,45.06412383],[9.81711714,45.06789344],[9.81696418,45.07166882],[9.81561602,45.07563055],[9.81358507,45.07807486],[9.81026582,45.08000139],[9.80878479,45.08045104],[9.8066857,45.08102215],[9.80453787,45.08106663],[9.80243544,45.0814035],[9.80001114,45.08232835],[9.79666785,45.08249942],[9.79398164,45.0823737],[9.79212379,45.08241725],[9.7905202,45.08292724],[9.78765141,45.08453011],[9.78466161,45.08636805],[9.78273311,45.08731958],[9.78034351,45.08848027],[9.77833026,45.09022384],[9.77746941,45.09096226],[9.77641142,45.09225762],[9.77470939,45.09472756],[9.77330308,45.09739957],[9.77157953,45.10074627],[9.76882818,45.10453884],[9.76626023,45.10698453],[9.76454995,45.10883876],[9.7634082,45.1099874],[9.75942687,45.11191215],[9.7558046,45.11295837],[9.75304289,45.1135326],[9.74940436,45.11343944],[9.74811784,45.11303807],[9.74645675,45.11243422],[9.74503751,45.11150759],[9.74497293,45.10978136],[9.74510172,45.10705881],[9.74568539,45.10456854],[9.74607137,45.10269386],[9.74708858,45.10134006],[9.74777765,45.1002228],[9.74767668,45.09893619],[9.74762183,45.09800041],[9.74829593,45.09594769],[9.74978561,45.09312887],[9.75067668,45.09171779],[9.75123548,45.0901919],[9.75241504,45.0886909],[9.75359488,45.08733685],[9.75333505,45.08654892],[9.75270496,45.08588053],[9.75252192,45.08465308],[9.75234199,45.08363034],[9.75186764,45.08214096],[9.75105408,45.07998062],[9.74849314,45.07669],[9.74690611,45.07544221],[9.74512459,45.07507358],[9.74285126,45.07497148],[9.74094352,45.07436935],[9.74003184,45.07414117],[9.73820217,45.0732166],[9.73586364,45.07124165],[9.73402347,45.06940967],[9.73280674,45.06792491],[9.73280191,45.06754446],[9.73489089,45.06556879],[9.73698339,45.06344499],[9.73792258,45.06250605]]]]},"properties":{"id":"Geositi_catasto_aree:390","name":"Meandri del Po tra Piacenza e Isola Serafini","kind":"area","source":"Regione Emilia-Romagna","sourceId":"rer-geosites","sourceLayer":"Geositi_catasto_aree","licence":"CC BY 4.0","retrievedAt":"2026-09-30T14:29:58.425806+00:00","sourceUrl":"https://servizigis.regione.emilia-romagna.it/wfs/geositi?service=WFS&version=2.0.0&request=GetFeature&typeNames=portale_geositi%3AGeositi_catasto_aree&outputFormat=GEOJSON&srsName=EPSG%3A4326&bbox=44.45%2C9.15%2C45.2%2C10.15%2CEPSG%3A4326&count=10000","recordUrl":"https://geo.regione.emilia-romagna.it/schede/geositi/scheda.jsp?id=2116","description":"Tratto del Po segnato da accentuati meandri, unici per ampiezza e lunghezza in tutto il corso del fiume: la lunghezza effettiva dell'alveo risulta essere circa il doppio della distanza percorsa dalle acque in linea d'aria, la pendenza media che dal 6 per mille  passa al 3 per mille.","municipality":"CAORSO (PC), PIACENZA (PC)","minerals":"","period":"","historicalStatus":"","positionNote":"Original source geometry; positional accuracy not supplied.","raw":"{\"GmlID\": \"Geositi_catasto_aree.390\", \"OBJECTID\": 390, \"GISID\": 2116.0, \"PROVINCE\": \"Piacenza\", \"COMUNI\": \"CAORSO (PC), PIACENZA (PC)\", \"LOCALITA\": \"Piacenza, Roncarolo, S. Nazzaro\", \"NOME\": \"Meandri del Po tra Piacenza e Isola Serafini\", \"SINONIMIE\": \"null\", \"DIDASCALIA\": \"Tratto del Po segnato da accentuati meandri, unici per ampiezza e lunghezza in tutto il corso del fiume: la lunghezza effettiva dell'alveo risulta essere circa il doppio della distanza percorsa dalle acque in linea d'aria, la pendenza media che dal 6 per mille  passa al 3 per mille.\", \"DESCRIZIONE\": \"Pubblicabile\", \"VIGENTE\": \"D.G.R. n 1084/2021 (12/07/21)\", \"LISTA_ATTI\": \"D.G.R. n 1084/2021 (12/07/21); D.G.R. n 1302/2016 (01/09/16)\", \"GEOTIPI\": \"Meandro, Paleoalveo, Strutture tettoniche sepolte\", \"GESSI_UNESCO\": \"null\", \"TIPO_ELEMENTO\": \"Geosito areale\", \"RILEVANZA\": \"Regionale\", \"CATEGORIA\": \"1. Geosito di rilevanza regionale (areale)\", \"CONTENUTOIN_REGIONALE\": 0.0, \"SCHEDA\": \"https://geo.regione.emilia-romagna.it/schede/geositi/scheda.jsp?id=2116\", \"FOTO\": \"https://geo.regione.emilia-romagna.it/gstatico/documenti/patrimonio_geologico/img/web/2116_MeandriZenitale1.jpg\", \"DIDASCALIA_FOTO\": \"Meandri del Po tra Piacenza e Isola Serafini - Foto Archivio Servizio Geologico\", \"SHAPE.AREA\": 19743003.2545972, \"SHAPE.LEN\": 50776.56726871}","updated":"D.G.R. n 1084/2021 (12/07/21)","gpx":"","geositeId":"2116.0"}},{"type":"Feature","id":"Geositi_catasto_aree:401","geometry":{"type":"MultiPolygon","coordinates":[[[[9.4729986,44.84566982],[9.47278782,44.84576577],[9.4725941,44.84595249],[9.47202702,44.84591605],[9.47188111,44.84559284],[9.47227955,44.84519561],[9.47264471,44.84481441],[9.47292081,44.84440211],[9.47339742,44.84409154],[9.47384095,44.84384438],[9.47411743,44.8435429],[9.4748513,44.84283325],[9.47551339,44.84226992],[9.47629691,44.84164291],[9.47685952,44.84118259],[9.47697994,44.84095298],[9.4772042,44.84050566],[9.47712364,44.84008706],[9.47654553,44.83987568],[9.47581259,44.83972017],[9.47582104,44.83932499],[9.47621709,44.83890451],[9.47603703,44.83854928],[9.47528542,44.83813654],[9.47469625,44.83794858],[9.47453624,44.83732415],[9.47485499,44.83694351],[9.4748792,44.83648071],[9.47504223,44.83603731],[9.47571554,44.83559263],[9.47632921,44.83470473],[9.47700158,44.83417283],[9.47752042,44.83382343],[9.47825144,44.83362381],[9.47913914,44.83366055],[9.47970721,44.83396719],[9.48029686,44.8342025],[9.48081926,44.83435097],[9.48117756,44.8348083],[9.48126239,44.83578818],[9.48173042,44.83610259],[9.48213093,44.83627496],[9.48208817,44.83649643],[9.48171159,44.83656106],[9.48129049,44.83660214],[9.48104768,44.83676111],[9.48073746,44.83680177],[9.48012835,44.83691467],[9.47984146,44.83711332],[9.4796744,44.83778179],[9.48013418,44.83848352],[9.48104935,44.83927837],[9.48041725,44.84081402],[9.47970564,44.84133436],[9.4793429,44.84178623],[9.47927978,44.84226068],[9.47938313,44.84275032],[9.47970679,44.84302574],[9.47951029,44.84346117],[9.47893695,44.84393754],[9.47875044,44.84422277],[9.47835375,44.84458783],[9.47755166,44.84499757],[9.47713137,44.84529129],[9.47641093,44.84560961],[9.47568942,44.84579353],[9.47525611,44.84584224],[9.47463382,44.84590732],[9.47411076,44.84579039],[9.47374353,44.84570532],[9.47334271,44.84555736],[9.4729986,44.84566982]]]]},"properties":{"id":"Geositi_catasto_aree:401","name":"Pietra Parcellara","kind":"area","source":"Regione Emilia-Romagna","sourceId":"rer-geosites","sourceLayer":"Geositi_catasto_aree","licence":"CC BY 4.0","retrievedAt":"2026-09-30T14:29:58.425806+00:00","sourceUrl":"https://servizigis.regione.emilia-romagna.it/wfs/geositi?service=WFS&version=2.0.0&request=GetFeature&typeNames=portale_geositi%3AGeositi_catasto_aree&outputFormat=GEOJSON&srsName=EPSG%3A4326&bbox=44.45%2C9.15%2C45.2%2C10.15%2CEPSG%3A4326&count=10000","recordUrl":"https://geo.regione.emilia-romagna.it/schede/geositi/scheda.jsp?id=2002","description":"Spettacolare rilievo serpentinitico in forte risalto morfologico lungo il versante sinistro della val Trebbia; forma una sorta di dorsale rocciosa con pareti strapiombanti, che dalla sommità di Pietra Parcellara si allunga sino al rilievo di Pietra Marcia.","municipality":"BOBBIO (PC), TRAVO (PC)","minerals":"","period":"","historicalStatus":"","positionNote":"Original source geometry; positional accuracy not supplied.","raw":"{\"GmlID\": \"Geositi_catasto_aree.401\", \"OBJECTID\": 401, \"GISID\": 2002.0, \"PROVINCE\": \"Piacenza\", \"COMUNI\": \"BOBBIO (PC), TRAVO (PC)\", \"LOCALITA\": \"Brodo, PIETRA MARCIA, PIETRA PARCELLARA\", \"NOME\": \"Pietra Parcellara\", \"SINONIMIE\": \"null\", \"DIDASCALIA\": \"Spettacolare rilievo serpentinitico in forte risalto morfologico lungo il versante sinistro della val Trebbia; forma una sorta di dorsale rocciosa con pareti strapiombanti, che dalla sommità di Pietra Parcellara si allunga sino al rilievo di Pietra Marcia.\", \"DESCRIZIONE\": \"Pubblicabile\", \"VIGENTE\": \"D.G.R. n 1084/2021 (12/07/21)\", \"LISTA_ATTI\": \"D.G.R. n 1084/2021 (12/07/21); D.G.R. n 1302/2016 (01/09/16)\", \"GEOTIPI\": \"Dorsale, Serpentinite\", \"GESSI_UNESCO\": \"null\", \"TIPO_ELEMENTO\": \"Geosito areale\", \"RILEVANZA\": \"Regionale\", \"CATEGORIA\": \"1. Geosito di rilevanza regionale (areale)\", \"CONTENUTOIN_REGIONALE\": 0.0, \"SCHEDA\": \"https://geo.regione.emilia-romagna.it/schede/geositi/scheda.jsp?id=2002\", \"FOTO\": \"https://geo.regione.emilia-romagna.it/gstatico/documenti/patrimonio_geologico/img/web/2002_PietraParcellara_FotoBertolini.jpg\", \"DIDASCALIA_FOTO\": \"Pietra Parcellara - Foto Bertolini\", \"SHAPE.AREA\": 495347.02847156, \"SHAPE.LEN\": 3993.18778234}","updated":"D.G.R. n 1084/2021 (12/07/21)","gpx":"","geositeId":"2002.0"}},{"type":"Feature","id":"Geositi_catasto_aree:402","geometry":{"type":"MultiPolygon","coordinates":[[[[9.41093256,44.91821726],[9.40957183,44.91828129],[9.40863465,44.91812282],[9.40786845,44.91806455],[9.4071298,44.91790551],[9.40641967,44.91776653],[9.40568087,44.91758734],[9.40471635,44.91754977],[9.40363857,44.91753263],[9.40294304,44.91744394],[9.40115679,44.91722784],[9.39996863,44.91723178],[9.39869406,44.91705471],[9.39761676,44.91683683],[9.39551966,44.91654229],[9.39461314,44.91638442],[9.39379009,44.9161653],[9.39282265,44.91624755],[9.3922254,44.91638963],[9.39168524,44.91659208],[9.39091648,44.91653298],[9.38969115,44.91637334],[9.38900602,44.91629288],[9.38820723,44.91635359],[9.38752134,44.91611179],[9.38669314,44.91599097],[9.38592205,44.91587024],[9.38549325,44.91562887],[9.38521993,44.91521191],[9.38521797,44.91498626],[9.38526146,44.91474442],[9.38562394,44.91448582],[9.38610026,44.91421089],[9.38636951,44.9137108],[9.38675314,44.91325886],[9.38713769,44.91291968],[9.38747696,44.91262885],[9.38770421,44.91254787],[9.38815866,44.91238584],[9.38856743,44.91222382],[9.38874949,44.91219125],[9.38925007,44.91209359],[9.38970462,44.91196365],[9.38990927,44.91191486],[9.39018097,44.91175311],[9.39061204,44.91157542],[9.39106846,44.91162385],[9.3914328,44.91159154],[9.39182117,44.91167223],[9.39220591,44.91141398],[9.3925458,44.91123648],[9.39286351,44.91112352],[9.39321279,44.91080877],[9.39359768,44.91061501],[9.39395991,44.91043737],[9.39443455,44.91030728],[9.39513341,44.90999906],[9.39558438,44.90978832],[9.39574089,44.9095944],[9.39626095,44.9094482],[9.39675881,44.90933435],[9.3973017,44.9091721],[9.39786491,44.90873589],[9.39808588,44.90807461],[9.39880986,44.90784607],[9.39942149,44.90773077],[9.39989464,44.90732575],[9.40060556,44.90683132],[9.40121721,44.90666777],[9.40196519,44.90650375],[9.40273679,44.90633824],[9.40307617,44.90611079],[9.40343846,44.90589935],[9.40380198,44.90586505],[9.4043701,44.90582956],[9.40484618,44.90561754],[9.40516387,44.90551914],[9.405618,44.90541997],[9.40634494,44.90530321],[9.40673151,44.90530105],[9.40727697,44.90524973],[9.40768595,44.90518307],[9.40838956,44.90492169],[9.40891214,44.90482223],[9.40948111,44.9048995],[9.41016403,44.9050244],[9.41077879,44.90511749],[9.41152939,44.90506502],[9.41180097,44.90474173],[9.41201565,44.90441072],[9.41240152,44.90419941],[9.41278685,44.90385942],[9.41301305,44.90355249],[9.41319186,44.90292347],[9.41325941,44.90279421],[9.41373607,44.90256607],[9.41419039,44.90243495],[9.41448607,44.90244988],[9.41496402,44.90252853],[9.41541878,44.90252672],[9.41571413,44.90247722],[9.41600894,44.90233107],[9.4162365,44.90236239],[9.41671392,44.90234438],[9.41703208,44.90231089],[9.4173729,44.90226121],[9.41760029,44.90226031],[9.41787297,44.90222699],[9.41817916,44.90212126],[9.41849559,44.90186266],[9.41874374,44.90157199],[9.41912863,44.90137756],[9.41967284,44.90126318],[9.4202407,44.90132599],[9.42096729,44.90135611],[9.42128485,44.90130682],[9.42153422,44.90124159],[9.42173759,44.90106362],[9.42194003,44.90070825],[9.42214315,44.90048182],[9.4223016,44.90040064],[9.42257337,44.90028681],[9.42300461,44.90028532],[9.42325367,44.90017157],[9.42366186,44.90010565],[9.42391117,44.90004028],[9.42425136,44.89999071],[9.42454597,44.89990905],[9.42481762,44.89977908],[9.42511223,44.89969741],[9.42538413,44.89961582],[9.42570134,44.89951794],[9.42588192,44.8993399],[9.42608416,44.89906521],[9.42633105,44.89869368],[9.42657925,44.89849942],[9.42696339,44.89827244],[9.42725782,44.89819082],[9.42759727,44.8980607],[9.42798237,44.89796265],[9.42854756,44.89767056],[9.42878483,44.89753274],[9.42901189,44.89754805],[9.42930727,44.89759536],[9.42973895,44.89765829],[9.4301705,44.8977051],[9.4306705,44.89780002],[9.43142039,44.89792627],[9.43212548,44.89813327],[9.43280851,44.89842091],[9.43351362,44.89862789],[9.434423,44.89883415],[9.4350366,44.89894475],[9.43553479,44.89879792],[9.43662414,44.898794],[9.43700394,44.89954217],[9.43650697,44.89994718],[9.43603289,44.90038436],[9.43592313,44.90102991],[9.43603922,44.90148109],[9.43595179,44.90206204],[9.43581859,44.90257864],[9.43541274,44.90304783],[9.43527966,44.90362899],[9.43505577,44.90425892],[9.43445962,44.90536602],[9.4337126,44.90580418],[9.43319122,44.9059673],[9.43271639,44.9063722],[9.43219512,44.90656755],[9.43149328,44.90698932],[9.43085966,44.9074592],[9.43018044,44.90791303],[9.4294329,44.9083187],[9.42849387,44.90908782],[9.42795032,44.90941215],[9.42756561,44.90971982],[9.42711293,44.91005995],[9.42672842,44.91041598],[9.42647893,44.91048131],[9.42627485,44.91054649],[9.42609355,44.91062771],[9.42586736,44.91082163],[9.42573193,44.91099913],[9.42555112,44.91117665],[9.42532444,44.91124134],[9.42498457,44.91137065],[9.42475796,44.9114516],[9.42450852,44.91150031],[9.4243271,44.91153281],[9.42416837,44.9115653],[9.42414642,44.91174308],[9.42403335,44.91184019],[9.42382907,44.91184049],[9.42352252,44.9118005],[9.42311234,44.91209429],[9.42271563,44.91221636],[9.42217762,44.91248051],[9.42178203,44.91290686],[9.42158495,44.91331269],[9.42141498,44.91339441],[9.42064931,44.91355978],[9.42016719,44.9136633],[9.41965682,44.91380766],[9.41940195,44.91397131],[9.41891979,44.9140752],[9.41852263,44.91413813],[9.41826799,44.91438342],[9.41792886,44.91483269],[9.4173903,44.91503865],[9.4167379,44.91514333],[9.41626073,44.91591336],[9.41637977,44.91661886],[9.41641177,44.91708269],[9.41635866,44.91754682],[9.41539737,44.9179532],[9.41419368,44.91818862],[9.41388153,44.91816935],[9.41283243,44.91819222],[9.41181135,44.91817472],[9.41093256,44.91821726]]]]},"properties":{"id":"Geositi_catasto_aree:402","name":"Sinclinale di Rocca d'Olgisio","kind":"area","source":"Regione Emilia-Romagna","sourceId":"rer-geosites","sourceLayer":"Geositi_catasto_aree","licence":"CC BY 4.0","retrievedAt":"2026-09-30T14:29:58.425806+00:00","sourceUrl":"https://servizigis.regione.emilia-romagna.it/wfs/geositi?service=WFS&version=2.0.0&request=GetFeature&typeNames=portale_geositi%3AGeositi_catasto_aree&outputFormat=GEOJSON&srsName=EPSG%3A4326&bbox=44.45%2C9.15%2C45.2%2C10.15%2CEPSG%3A4326&count=10000","recordUrl":"https://geo.regione.emilia-romagna.it/schede/geositi/scheda.jsp?id=2003","description":"Brachisinclinale nella Formazione di Ranzano (sinclinale a barca o a canoa), il cui asse è tagliato dalla valle del Chiarone; questa struttura risalta in modo esemplare nelle forme del paesaggio, influenzando l'assetto geomorfologico di tutta l'area.","municipality":"PIANELLO VAL TIDONE (PC), PIOZZANO (PC)","minerals":"","period":"","historicalStatus":"","positionNote":"Original source geometry; positional accuracy not supplied.","raw":"{\"GmlID\": \"Geositi_catasto_aree.402\", \"OBJECTID\": 402, \"GISID\": 2003.0, \"PROVINCE\": \"Piacenza\", \"COMUNI\": \"PIANELLO VAL TIDONE (PC), PIOZZANO (PC)\", \"LOCALITA\": \"Chiarone, Monte Sereno, Rocca d'Olgiso\", \"NOME\": \"Sinclinale di Rocca d'Olgisio\", \"SINONIMIE\": \"Sinclinale del Chiarone\", \"DIDASCALIA\": \"Brachisinclinale nella Formazione di Ranzano (sinclinale a barca o a canoa), il cui asse è tagliato dalla valle del Chiarone; questa struttura risalta in modo esemplare nelle forme del paesaggio, influenzando l'assetto geomorfologico di tutta l'area.\", \"DESCRIZIONE\": \"Pubblicabile\", \"VIGENTE\": \"D.G.R. n 1084/2021 (12/07/21)\", \"LISTA_ATTI\": \"D.G.R. n 1084/2021 (12/07/21); D.G.R. n 1302/2016 (01/09/16)\", \"GEOTIPI\": \"Sinclinale, Cuesta\", \"GESSI_UNESCO\": \"null\", \"TIPO_ELEMENTO\": \"Geosito areale\", \"RILEVANZA\": \"Regionale\", \"CATEGORIA\": \"1. Geosito di rilevanza regionale (areale)\", \"CONTENUTOIN_REGIONALE\": 0.0, \"SCHEDA\": \"https://geo.regione.emilia-romagna.it/schede/geositi/scheda.jsp?id=2003\", \"FOTO\": \"https://geo.regione.emilia-romagna.it/gstatico/documenti/patrimonio_geologico/img/web/2003_SinclinaleOlgisio_FotoBertolini.jpg\", \"DIDASCALIA_FOTO\": \"Una ripresa aerea della sinclinale di Rocca d'Olgisio (Foto Bertolini). La struttura si impone nel paesaggio con la sua tipica forma \\\\\\\"a barca\\\\\\\".\", \"SHAPE.AREA\": 4407315.56309591, \"SHAPE.LEN\": 10431.4802648}","updated":"D.G.R. n 1084/2021 (12/07/21)","gpx":"","geositeId":"2003.0"}},{"type":"Feature","id":"Geositi_catasto_aree:410","geometry":{"type":"MultiPolygon","coordinates":[[[[9.35689491,44.69473168],[9.35598677,44.69487215],[9.35558688,44.69469104],[9.35502908,44.69475025],[9.35448746,44.69484365],[9.35407151,44.69465118],[9.35362513,44.69459489],[9.35341701,44.69442403],[9.35355763,44.69401297],[9.35330139,44.69377382],[9.35321978,44.6934545],[9.35318666,44.6932492],[9.35288405,44.69320427],[9.35243873,44.69323952],[9.35218368,44.69316028],[9.35180088,44.69299019],[9.35117959,44.69283219],[9.35094024,44.69268469],[9.35038155,44.69226476],[9.35028535,44.69209421],[9.35024784,44.69092084],[9.35019316,44.6896212],[9.35054026,44.68918647],[9.35136449,44.68888645],[9.35257284,44.68909806],[9.35298402,44.68881101],[9.3543292,44.68783504],[9.35542913,44.68762555],[9.35709168,44.68804183],[9.3581456,44.68809509],[9.35913446,44.68777225],[9.36006183,44.6878377],[9.36134453,44.68849554],[9.36178658,44.69016061],[9.36145975,44.69155426],[9.36095471,44.69257182],[9.36089266,44.6928688],[9.36078394,44.6933714],[9.36069171,44.69395384],[9.36000715,44.69438984],[9.35940022,44.69446031],[9.35914347,44.69430134],[9.35877414,44.6940286],[9.35826152,44.69384765],[9.35789499,44.69398588],[9.35757809,44.69431812],[9.35689491,44.69473168]]]]},"properties":{"id":"Geositi_catasto_aree:410","name":"Meandri incassati di Monte Cerello","kind":"area","source":"Regione Emilia-Romagna","sourceId":"rer-geosites","sourceLayer":"Geositi_catasto_aree","licence":"CC BY 4.0","retrievedAt":"2026-09-30T14:29:58.425806+00:00","sourceUrl":"https://servizigis.regione.emilia-romagna.it/wfs/geositi?service=WFS&version=2.0.0&request=GetFeature&typeNames=portale_geositi%3AGeositi_catasto_aree&outputFormat=GEOJSON&srsName=EPSG%3A4326&bbox=44.45%2C9.15%2C45.2%2C10.15%2CEPSG%3A4326&count=10000","recordUrl":"https://geo.regione.emilia-romagna.it/schede/geositi/scheda.jsp?id=2004","description":"Tratto del torrente Trebbia segnato da una serie di meantri incassati, affiancati da affioramenti di strati a forte inclinazione della Formazione di Salsominore.","municipality":"CERIGNALE (PC), CORTE BRUGNATELLA (PC)","minerals":"","period":"","historicalStatus":"","positionNote":"Original source geometry; positional accuracy not supplied.","raw":"{\"GmlID\": \"Geositi_catasto_aree.410\", \"OBJECTID\": 410, \"GISID\": 2004.0, \"PROVINCE\": \"Piacenza\", \"COMUNI\": \"CERIGNALE (PC), CORTE BRUGNATELLA (PC)\", \"LOCALITA\": \"La Costa, MONTE CARMO, MONTE CERELLO\", \"NOME\": \"Meandri incassati di Monte Cerello\", \"SINONIMIE\": \"null\", \"DIDASCALIA\": \"Tratto del torrente Trebbia segnato da una serie di meantri incassati, affiancati da affioramenti di strati a forte inclinazione della Formazione di Salsominore.\", \"DESCRIZIONE\": \"Pubblicabile\", \"VIGENTE\": \"D.G.R. n 1084/2021 (12/07/21)\", \"LISTA_ATTI\": \"D.G.R. n 1084/2021 (12/07/21); D.G.R. n 1302/2016 (01/09/16)\", \"GEOTIPI\": \"Meandri incassati\", \"GESSI_UNESCO\": \"null\", \"TIPO_ELEMENTO\": \"Geosito areale\", \"RILEVANZA\": \"Locale\", \"CATEGORIA\": \"3. Geosito di rilevanza locale (areale)\", \"CONTENUTOIN_REGIONALE\": 0.0, \"SCHEDA\": \"https://geo.regione.emilia-romagna.it/schede/geositi/scheda.jsp?id=2004\", \"FOTO\": \"https://geo.regione.emilia-romagna.it/gstatico/documenti/patrimonio_geologico/img/web/2004_MeandriCerello.jpg\", \"DIDASCALIA_FOTO\": \"Meandri Monte Cerello - Foto Archivio Servizio Geologico\", \"SHAPE.AREA\": 561818.24700245, \"SHAPE.LEN\": 3022.68771447}","updated":"D.G.R. n 1084/2021 (12/07/21)","gpx":"","geositeId":"2004.0"}},{"type":"Feature","id":"Geositi_catasto_aree:411","geometry":{"type":"MultiPolygon","coordinates":[[[[9.41794501,44.70173397],[9.42138848,44.70061295],[9.42486644,44.70075499],[9.42841619,44.70049043],[9.43196505,44.69905521],[9.43544627,44.69833026],[9.4381501,44.69867469],[9.44135487,44.69957524],[9.44363978,44.70088429],[9.44577374,44.7011806],[9.44832949,44.70096867],[9.44855427,44.70228504],[9.44785102,44.70309821],[9.44672282,44.7040649],[9.44552664,44.70538649],[9.44475976,44.70706115],[9.44327266,44.70767462],[9.44313817,44.70863806],[9.44229387,44.70975647],[9.44144383,44.7102165],[9.4395966,44.71052928],[9.43846607,44.71144672],[9.43773815,44.71227635],[9.43774312,44.71227757],[9.43765093,44.7131602],[9.43682717,44.71352795],[9.43584569,44.71382632],[9.43539681,44.71429033],[9.43504376,44.71441787],[9.43480662,44.71427891],[9.43356804,44.71434025],[9.43225403,44.71472373],[9.43139423,44.71528715],[9.43122552,44.71608487],[9.43187742,44.71638956],[9.43244751,44.71638701],[9.43358814,44.71642383],[9.4350664,44.71676672],[9.43660121,44.71688599],[9.43768617,44.71723069],[9.43771037,44.71766371],[9.43730167,44.71805661],[9.43683003,44.71807256],[9.43630225,44.71835416],[9.43583212,44.71850979],[9.435013,44.71911388],[9.43421158,44.71953642],[9.43401691,44.71971896],[9.43344314,44.71940056],[9.43211887,44.71879269],[9.43109604,44.71878408],[9.43054721,44.71896876],[9.43100712,44.71972181],[9.43107051,44.72016935],[9.43056252,44.72053627],[9.43005098,44.72053929],[9.4302108,44.72079037],[9.43068531,44.72102551],[9.4312558,44.72100802],[9.43151408,44.72125835],[9.4317724,44.72150862],[9.43173705,44.72191463],[9.43177865,44.72213826],[9.4323722,44.72244212],[9.43219842,44.72277906],[9.43234142,44.7232957],[9.43220548,44.72350679],[9.43184938,44.72331315],[9.43143567,44.72328807],[9.43012067,44.72373136],[9.4293953,44.72404417],[9.42894563,44.72436916],[9.42822449,44.72512999],[9.42761978,44.72570805],[9.42718906,44.72594892],[9.42660025,44.72612082],[9.42607419,44.72668439],[9.42529426,44.72750039],[9.42458859,44.72790997],[9.42387589,44.72819395],[9.42257633,44.72933088],[9.42197927,44.73079706],[9.42118873,44.73149941],[9.41983498,44.7320718],[9.41852795,44.73264394],[9.41754893,44.73338066],[9.41680679,44.73488109],[9.41676593,44.7361116],[9.4164459,44.73730986],[9.41589262,44.73837598],[9.41589843,44.73933991],[9.41575019,44.73945656],[9.41581729,44.73962675],[9.41489568,44.74051346],[9.41439658,44.74098445],[9.41339275,44.74118144],[9.41250756,44.74173674],[9.41115204,44.7414661],[9.41010777,44.74144256],[9.40953315,44.74216216],[9.40899281,44.74230222],[9.40896084,44.74318527],[9.4086565,44.74387636],[9.40780881,44.74429354],[9.40730939,44.74473695],[9.40685485,44.74600794],[9.40639713,44.74683736],[9.4056259,44.74711614],[9.4040424,44.74742583],[9.40288353,44.74762347],[9.40164655,44.74773846],[9.40005796,44.74752361],[9.39901051,44.74722396],[9.39734895,44.7476991],[9.39529853,44.74814796],[9.39379137,44.74867778],[9.39286531,44.74917818],[9.39186106,44.74959618],[9.39153256,44.74958634],[9.39146236,44.7496268],[9.39020873,44.74974835],[9.38890063,44.74990943],[9.38704541,44.74987864],[9.38562584,44.74980704],[9.3848057,44.74969389],[9.3833302,44.74958344],[9.38201985,44.74966683],[9.38082067,44.75006],[9.37924229,44.75103834],[9.37717035,44.7515485],[9.37580425,44.75143447],[9.37471083,44.75124215],[9.37378277,44.75128252],[9.371762,44.75120808],[9.36973892,44.75074576],[9.36831623,44.75024372],[9.36771084,44.74943003],[9.36755026,44.74894982],[9.36730771,44.74895806],[9.36686362,44.74889576],[9.36637473,44.74875997],[9.36585717,44.74878189],[9.36548997,44.7492344],[9.36489906,44.74937211],[9.36448476,44.74935187],[9.36398069,44.74915317],[9.36352315,44.74933266],[9.36294685,44.74943882],[9.36247225,44.74921903],[9.36242325,44.74838894],[9.36182642,44.74746562],[9.36104037,44.74711095],[9.36023575,44.746041],[9.35901898,44.74527712],[9.35767357,44.74535501],[9.3569907,44.7448415],[9.35677635,44.74333726],[9.35787581,44.74185831],[9.35828697,44.74148796],[9.35894847,44.74105336],[9.35971329,44.74066044],[9.36040389,44.74025709],[9.36116526,44.73952622],[9.36214578,44.73860432],[9.36341091,44.73788353],[9.36414399,44.73718512],[9.36471537,44.73659267],[9.36487145,44.7360601],[9.36485835,44.73604347],[9.36536466,44.73500376],[9.3651851,44.73379856],[9.36480587,44.73229243],[9.36420664,44.73136954],[9.36310174,44.73052836],[9.36323275,44.729383],[9.36386965,44.72811615],[9.36450442,44.72644852],[9.36508896,44.72548419],[9.36669011,44.72487935],[9.36820942,44.72463591],[9.36958889,44.72453318],[9.37144794,44.72452992],[9.37249157,44.72472875],[9.37426349,44.72436439],[9.37578263,44.72410079],[9.37741647,44.72411791],[9.3776451,44.72413822],[9.37772064,44.72310146],[9.37765319,44.7213504],[9.38031355,44.71897201],[9.3816191,44.71807483],[9.38314199,44.71670264],[9.38391451,44.71644235],[9.38497413,44.71598727],[9.38548866,44.71574895],[9.38592205,44.71482034],[9.38610195,44.71457203],[9.38611244,44.71397889],[9.38583509,44.71338624],[9.38531723,44.71308509],[9.38493535,44.71269747],[9.38478368,44.71265156],[9.3847973,44.71247122],[9.38528074,44.71225481],[9.38591387,44.7118117],[9.38654611,44.71144364],[9.38711908,44.71126954],[9.38767535,44.710933],[9.38818623,44.7105858],[9.38911983,44.71017284],[9.3898991,44.71001409],[9.38993481,44.71001968],[9.39013206,44.71010569],[9.39056926,44.70997494],[9.39106695,44.70984409],[9.39140011,44.70991894],[9.39185202,44.70973419],[9.39225752,44.70941995],[9.39254259,44.70916004],[9.39270708,44.70894363],[9.39314336,44.70868347],[9.39361017,44.70845569],[9.39415229,44.70819532],[9.39455822,44.70793509],[9.3948582,44.70765354],[9.39524963,44.70746895],[9.3956409,44.70727346],[9.3960454,44.70689383],[9.39632983,44.70660109],[9.39644905,44.70641693],[9.39715644,44.70609081],[9.3975622,44.70583036],[9.39804434,44.70565627],[9.39887042,44.70505985],[9.40011991,44.70457864],[9.40021172,44.70458152],[9.40075488,44.70445078],[9.40141764,44.7041578],[9.40215619,44.70388626],[9.4030161,44.70370042],[9.40367998,44.7035691],[9.40411701,44.70341677],[9.40476369,44.70303741],[9.4051864,44.70298237],[9.40573091,44.70303491],[9.40610671,44.70277487],[9.40654292,44.70247118],[9.40705548,44.70225351],[9.40761404,44.70211122],[9.40845843,44.70178449],[9.40869953,44.70167574],[9.40940817,44.70140348],[9.41045121,44.70130228],[9.41161939,44.70164237],[9.41260841,44.70225301],[9.41350664,44.70286415],[9.4142213,44.70324957],[9.41485846,44.70343041],[9.41546248,44.7032875],[9.41621473,44.70279867],[9.41680283,44.7025695],[9.41719432,44.70235195],[9.41767534,44.70199367],[9.4179155,44.70177674],[9.41794501,44.70173397]]]]},"properties":{"id":"Geositi_catasto_aree:411","name":"Finestra tettonica di Bobbio","kind":"area","source":"Regione Emilia-Romagna","sourceId":"rer-geosites","sourceLayer":"Geositi_catasto_aree","licence":"CC BY 4.0","retrievedAt":"2026-09-30T14:29:58.425806+00:00","sourceUrl":"https://servizigis.regione.emilia-romagna.it/wfs/geositi?service=WFS&version=2.0.0&request=GetFeature&typeNames=portale_geositi%3AGeositi_catasto_aree&outputFormat=GEOJSON&srsName=EPSG%3A4326&bbox=44.45%2C9.15%2C45.2%2C10.15%2CEPSG%3A4326&count=10000","recordUrl":"https://geo.regione.emilia-romagna.it/schede/geositi/scheda.jsp?id=2005","description":"Tra Marsaglia e Bobbio la valle del Trebbia incide rocce sedimentarie torbiditiche prevalentemente arenacee riferite alla successione del Cervarola, affioranti in finestra tettonica ed esposte estesamente lungo i fianchi di spettacolari meandri incassati.","municipality":"BOBBIO (PC), COLI (PC), CORTE BRUGNATELLA (PC)","minerals":"","period":"","historicalStatus":"","positionNote":"Original source geometry; positional accuracy not supplied.","raw":"{\"GmlID\": \"Geositi_catasto_aree.411\", \"OBJECTID\": 411, \"GISID\": 2005.0, \"PROVINCE\": \"Piacenza\", \"COMUNI\": \"BOBBIO (PC), COLI (PC), CORTE BRUGNATELLA (PC)\", \"LOCALITA\": \"Brugnello, Coli, Marsaglia, S. Salvatore\", \"NOME\": \"Finestra tettonica di Bobbio\", \"SINONIMIE\": \"Meandri di San Salvatore\", \"DIDASCALIA\": \"Tra Marsaglia e Bobbio la valle del Trebbia incide rocce sedimentarie torbiditiche prevalentemente arenacee riferite alla successione del Cervarola, affioranti in finestra tettonica ed esposte estesamente lungo i fianchi di spettacolari meandri incassati.\", \"DESCRIZIONE\": \"Pubblicabile\", \"VIGENTE\": \"D.G.R. n 1084/2021 (12/07/21)\", \"LISTA_ATTI\": \"D.G.R. n 1084/2021 (12/07/21); D.G.R. n 1302/2016 (01/09/16)\", \"GEOTIPI\": \"Meandri incassati, Strati verticalizzati, Strutture tettoniche, Area di riferimento\", \"GESSI_UNESCO\": \"null\", \"TIPO_ELEMENTO\": \"Geosito areale\", \"RILEVANZA\": \"Regionale\", \"CATEGORIA\": \"1. Geosito di rilevanza regionale (areale)\", \"CONTENUTOIN_REGIONALE\": 0.0, \"SCHEDA\": \"https://geo.regione.emilia-romagna.it/schede/geositi/scheda.jsp?id=2005\", \"FOTO\": \"https://geo.regione.emilia-romagna.it/gstatico/documenti/patrimonio_geologico/img/web/2005_MeandriTrebbia.jpg\", \"DIDASCALIA_FOTO\": \"Meandri Trebbia - Foto Archivio Servizio Geologico\", \"SHAPE.AREA\": 22188465.2813154, \"SHAPE.LEN\": 23457.73967888}","updated":"D.G.R. n 1084/2021 (12/07/21)","gpx":"","geositeId":"2005.0"}},{"type":"Feature","id":"Geositi_catasto_aree:420","geometry":{"type":"MultiPolygon","coordinates":[[[[9.59716607,44.71903145],[9.59835873,44.71956032],[9.59793065,44.7204086],[9.59718973,44.72121375],[9.59695095,44.72223928],[9.5968962,44.72295217],[9.59640125,44.72339995],[9.59596874,44.72384735],[9.59603888,44.7245595],[9.59617148,44.72527132],[9.59599126,44.72594019],[9.59593837,44.72683108],[9.5966942,44.72740602],[9.59694967,44.72793875],[9.5965185,44.72851966],[9.59652505,44.72914275],[9.5967847,44.73007598],[9.59729086,44.73069617],[9.59680283,44.73181151],[9.59624863,44.73257122],[9.59563251,44.73337587],[9.5950761,44.73391325],[9.59465064,44.73502843],[9.59453265,44.73569663],[9.59348152,44.73672629],[9.59304796,44.73708478],[9.5927343,44.73695309],[9.59266819,44.73659747],[9.59271829,44.73539566],[9.59196312,44.73486563],[9.59077061,44.7343378],[9.59026283,44.73358344],[9.59050227,44.73260245],[9.58962135,44.73202753],[9.5889873,44.73118375],[9.58837418,44.7300269],[9.58807586,44.72942264],[9.58731706,44.72793085],[9.58568699,44.72685868],[9.58336857,44.726056],[9.5803872,44.72525602],[9.57939862,44.72465512],[9.57996691,44.72321471],[9.57874397,44.72051455],[9.5772909,44.71864805],[9.57672634,44.71796948],[9.57721578,44.7176881],[9.57802628,44.71746143],[9.57921474,44.71750038],[9.5802805,44.71776274],[9.58128139,44.71780256],[9.58253371,44.71797501],[9.58378309,44.71788025],[9.58478051,44.71760834],[9.58640422,44.71746773],[9.58740375,44.71746428],[9.58952871,44.71754604],[9.59083815,44.71731874],[9.59246564,44.71762512],[9.59316575,44.71882586],[9.59460298,44.71886485],[9.59591382,44.71876984],[9.59716607,44.71903145]]]]},"properties":{"id":"Geositi_catasto_aree:420","name":"Piega di Rocca d'Olmo","kind":"area","source":"Regione Emilia-Romagna","sourceId":"rer-geosites","sourceLayer":"Geositi_catasto_aree","licence":"CC BY 4.0","retrievedAt":"2026-09-30T14:29:58.425806+00:00","sourceUrl":"https://servizigis.regione.emilia-romagna.it/wfs/geositi?service=WFS&version=2.0.0&request=GetFeature&typeNames=portale_geositi%3AGeositi_catasto_aree&outputFormat=GEOJSON&srsName=EPSG%3A4326&bbox=44.45%2C9.15%2C45.2%2C10.15%2CEPSG%3A4326&count=10000","recordUrl":"https://geo.regione.emilia-romagna.it/schede/geositi/scheda.jsp?id=2006","description":"Lungo il versante destro del torrente Nure, a sud della valle del rio Restano e attorno al rilievo di Rocca d'Olmo, estesi affioramenti interrompono la copertura boschiva, permettendo di osservare gli strati della successione torbiditica del Flysch di Farini d'Olmo (noto in passato come Flysch di Monte Dosso) descrivere una esemplare piega rovesciata.","municipality":"BETTOLA (PC), FARINI (PC)","minerals":"","period":"","historicalStatus":"","positionNote":"Original source geometry; positional accuracy not supplied.","raw":"{\"GmlID\": \"Geositi_catasto_aree.420\", \"OBJECTID\": 420, \"GISID\": 2006.0, \"PROVINCE\": \"Piacenza\", \"COMUNI\": \"BETTOLA (PC), FARINI (PC)\", \"LOCALITA\": \"Farini, Rocca d'Olmo\", \"NOME\": \"Piega di Rocca d'Olmo\", \"SINONIMIE\": \"Rocca d'Olmo, Monte Bruzzi\", \"DIDASCALIA\": \"Lungo il versante destro del torrente Nure, a sud della valle del rio Restano e attorno al rilievo di Rocca d'Olmo, estesi affioramenti interrompono la copertura boschiva, permettendo di osservare gli strati della successione torbiditica del Flysch di Farini d'Olmo (noto in passato come Flysch di Monte Dosso) descrivere una esemplare piega rovesciata.\", \"DESCRIZIONE\": \"Pubblicabile\", \"VIGENTE\": \"D.G.R. n 1084/2021 (12/07/21)\", \"LISTA_ATTI\": \"D.G.R. n 1084/2021 (12/07/21); D.G.R. n 1302/2016 (01/09/16)\", \"GEOTIPI\": \"Piega, Successione stratigrafica\", \"GESSI_UNESCO\": \"null\", \"TIPO_ELEMENTO\": \"Geosito areale\", \"RILEVANZA\": \"Regionale\", \"CATEGORIA\": \"1. Geosito di rilevanza regionale (areale)\", \"CONTENUTOIN_REGIONALE\": 0.0, \"SCHEDA\": \"https://geo.regione.emilia-romagna.it/schede/geositi/scheda.jsp?id=2006\", \"FOTO\": \"https://geo.regione.emilia-romagna.it/gstatico/documenti/patrimonio_geologico/img/web/2006_PiegaFarinid'Olmo.JPG\", \"DIDASCALIA_FOTO\": \"Piega di Rocca d'Olmo - Foto Archivio Servizio Geologico\", \"SHAPE.AREA\": 1912410.0765803, \"SHAPE.LEN\": 6724.31193511}","updated":"D.G.R. n 1084/2021 (12/07/21)","gpx":"","geositeId":"2006.0"}},{"type":"Feature","id":"Geositi_catasto_aree:421","geometry":{"type":"MultiPolygon","coordinates":[[[[9.64259369,44.87631611],[9.64418132,44.8774929],[9.64548025,44.8780832],[9.64621723,44.87867756],[9.64609725,44.8792077],[9.64370205,44.87961272],[9.64125286,44.88021806],[9.63911985,44.88034257],[9.63758171,44.87868651],[9.63700725,44.87773295],[9.63835811,44.87683542],[9.64058329,44.87619088],[9.64259369,44.87631611]]]]},"properties":{"id":"Geositi_catasto_aree:421","name":"Cava Albarola","kind":"area","source":"Regione Emilia-Romagna","sourceId":"rer-geosites","sourceLayer":"Geositi_catasto_aree","licence":"CC BY 4.0","retrievedAt":"2026-09-30T14:29:58.425806+00:00","sourceUrl":"https://servizigis.regione.emilia-romagna.it/wfs/geositi?service=WFS&version=2.0.0&request=GetFeature&typeNames=portale_geositi%3AGeositi_catasto_aree&outputFormat=GEOJSON&srsName=EPSG%3A4326&bbox=44.45%2C9.15%2C45.2%2C10.15%2CEPSG%3A4326&count=10000","recordUrl":"https://geo.regione.emilia-romagna.it/schede/geositi/scheda.jsp?id=2007","description":"Cava attiva lungo il versante sinistro del Nure, nella quale affiora una esemplare successione rovesciata di strati rifertiti al Flysch della val Luretta.","municipality":"VIGOLZONE (PC)","minerals":"","period":"","historicalStatus":"","positionNote":"Original source geometry; positional accuracy not supplied.","raw":"{\"GmlID\": \"Geositi_catasto_aree.421\", \"OBJECTID\": 421, \"GISID\": 2007.0, \"PROVINCE\": \"Piacenza\", \"COMUNI\": \"VIGOLZONE (PC)\", \"LOCALITA\": \"Albarola, Cava di Pietra\", \"NOME\": \"Cava Albarola\", \"SINONIMIE\": \"Cava di Pietra\", \"DIDASCALIA\": \"Cava attiva lungo il versante sinistro del Nure, nella quale affiora una esemplare successione rovesciata di strati rifertiti al Flysch della val Luretta.\", \"DESCRIZIONE\": \"Pubblicabile\", \"VIGENTE\": \"D.G.R. n 1084/2021 (12/07/21)\", \"LISTA_ATTI\": \"D.G.R. n 1084/2021 (12/07/21); D.G.R. n 1302/2016 (01/09/16)\", \"GEOTIPI\": \"Successione stratigrafica\", \"GESSI_UNESCO\": \"null\", \"TIPO_ELEMENTO\": \"Geosito areale\", \"RILEVANZA\": \"Locale\", \"CATEGORIA\": \"3. Geosito di rilevanza locale (areale)\", \"CONTENUTOIN_REGIONALE\": 0.0, \"SCHEDA\": \"https://geo.regione.emilia-romagna.it/schede/geositi/scheda.jsp?id=2007\", \"FOTO\": \"null\", \"DIDASCALIA_FOTO\": \"null\", \"SHAPE.AREA\": 219504.42733058, \"SHAPE.LEN\": 1849.79712068}","updated":"D.G.R. n 1084/2021 (12/07/21)","gpx":"","geositeId":"2007.0"}},{"type":"Feature","id":"Geositi_catasto_aree:422","geometry":{"type":"MultiPolygon","coordinates":[[[[9.60046335,44.83202221],[9.59996183,44.83186208],[9.59974389,44.83187917],[9.59971115,44.83186729],[9.59965164,44.83186158],[9.59958373,44.83186651],[9.59943956,44.83189309],[9.59928284,44.8319153],[9.59927407,44.83191599],[9.59844122,44.83198681],[9.59792603,44.83193822],[9.59736859,44.83185987],[9.59706342,44.83187393],[9.59690203,44.83187043],[9.59680137,44.83185656],[9.59672368,44.83183947],[9.59637751,44.83171007],[9.59603572,44.83153559],[9.59558061,44.83136898],[9.595271,44.8313337],[9.59496679,44.83143264],[9.59493766,44.83143565],[9.59479224,44.83147558],[9.59474963,44.83149256],[9.59449975,44.83154956],[9.59419158,44.83167541],[9.59384142,44.83172784],[9.59364654,44.83185286],[9.59333264,44.83189426],[9.59328743,44.83188436],[9.5932372,44.83189163],[9.59315686,44.83190613],[9.59312087,44.83193592],[9.59309034,44.8319422],[9.59291636,44.83209646],[9.59264949,44.83224364],[9.59243855,44.8323221],[9.59227047,44.83233339],[9.59184856,44.83239518],[9.59140141,44.83244633],[9.5913528,44.83245938],[9.59092127,44.83257528],[9.59087854,44.83259606],[9.59068356,44.83270641],[9.59036423,44.83275117],[9.590127,44.83275177],[9.58983849,44.83279642],[9.58974595,44.83283326],[9.58966667,44.83296372],[9.58968359,44.8332484],[9.58948498,44.83346243],[9.58921307,44.83349359],[9.58879819,44.83355562],[9.58855399,44.83348502],[9.58812422,44.83348606],[9.58763665,44.83343639],[9.58732039,44.83332527],[9.58700481,44.83328534],[9.58667601,44.83335733],[9.58619025,44.83349073],[9.58575638,44.83366445],[9.58562773,44.83370715],[9.58545929,44.83374975],[9.58532694,44.83372952],[9.58520932,44.83371445],[9.5850109,44.83369454],[9.58494523,44.83373664],[9.58475506,44.83381068],[9.58463774,44.83382692],[9.58458952,44.83382374],[9.58441734,44.83381236],[9.58391792,44.83378681],[9.58370413,44.83383325],[9.58291887,44.83401015],[9.58280479,44.83405143],[9.58240429,44.83406361],[9.58197436,44.83398437],[9.58151557,44.83387509],[9.58115688,44.83375502],[9.58068454,44.83372721],[9.58045382,44.83350452],[9.58039404,44.83318919],[9.58049117,44.83282207],[9.58061711,44.83248536],[9.58078701,44.8322808],[9.58078558,44.83210772],[9.58061272,44.83195081],[9.58039557,44.83161591],[9.58044925,44.83120848],[9.58056064,44.83090287],[9.58061475,44.83058736],[9.58073973,44.83021049],[9.58120708,44.82977091],[9.58174673,44.82942248],[9.58214418,44.82914599],[9.58219925,44.82893219],[9.58209694,44.82869881],[9.58199389,44.82838919],[9.5820054,44.82810442],[9.58166179,44.82803494],[9.58135936,44.8277924],[9.58159781,44.82733365],[9.58193784,44.82703711],[9.58197674,44.82663019],[9.5822872,44.82623212],[9.58296923,44.82584239],[9.58408272,44.82574033],[9.58459638,44.82566663],[9.58499183,44.82519694],[9.58567532,44.8249597],[9.58615853,44.82466272],[9.58648496,44.82435674],[9.58697003,44.82416214],[9.58756752,44.82375869],[9.58852038,44.82310484],[9.5891744,44.82265516],[9.59007271,44.82229612],[9.59085899,44.82214058],[9.59152859,44.82179208],[9.5922568,44.82156547],[9.59301365,44.82133873],[9.59362725,44.8211125],[9.59388254,44.82087234],[9.59431338,44.82102297],[9.59471947,44.82156031],[9.59522183,44.82174089],[9.59575146,44.82179918],[9.59658201,44.82191697],[9.59718471,44.82211745],[9.5975401,44.82193228],[9.59719147,44.82143516],[9.59674303,44.82095899],[9.5966815,44.82056222],[9.59739127,44.8201103],[9.59751327,44.81950881],[9.59822412,44.81918917],[9.59882216,44.81904299],[9.59976322,44.81892523],[9.60037617,44.8188401],[9.60120118,44.81859624],[9.60195595,44.81844946],[9.60267083,44.8185574],[9.60371252,44.81857234],[9.60403951,44.81848945],[9.60446706,44.8184568],[9.60477961,44.81836385],[9.60506392,44.81829135],[9.60536391,44.81832026],[9.60563539,44.81834932],[9.606233,44.81824488],[9.60682784,44.81795802],[9.6071422,44.81800222],[9.60741923,44.8184271],[9.60731213,44.81891464],[9.60677547,44.81928242],[9.6060358,44.81942813],[9.60590962,44.81961191],[9.60607054,44.81993656],[9.60640062,44.82009766],[9.60705485,44.81994188],[9.60746707,44.81982801],[9.6078655,44.81975492],[9.6084968,44.82003635],[9.60920752,44.82090632],[9.60935585,44.82132194],[9.60935887,44.82154537],[9.60960781,44.82200601],[9.60984389,44.82256311],[9.61002042,44.8229377],[9.61030917,44.82316963],[9.61036922,44.82339285],[9.6100006,44.82362924],[9.60970313,44.8238553],[9.60941806,44.82390809],[9.60897486,44.82387022],[9.60857619,44.82398486],[9.60849434,44.82433172],[9.60871252,44.82468684],[9.60911726,44.82512227],[9.60970858,44.82564312],[9.60996878,44.82592671],[9.60948571,44.8261539],[9.60923216,44.82647129],[9.6091367,44.82687937],[9.6087285,44.82742185],[9.60838954,44.8277909],[9.60826448,44.82812802],[9.60819611,44.82842402],[9.60814339,44.82885242],[9.60784839,44.82932817],[9.60760868,44.8296252],[9.6074243,44.82974864],[9.60698177,44.82976154],[9.60652447,44.82972867],[9.60612486,44.8297515],[9.60596963,44.8299308],[9.6056288,44.83011635],[9.60512752,44.82997678],[9.60409807,44.82986089],[9.60331653,44.83023253],[9.60283651,44.83075507],[9.60269977,44.83132642],[9.60291946,44.8319365],[9.60282829,44.8320172],[9.60282742,44.83201723],[9.60275517,44.83200706],[9.60266574,44.83197428],[9.60257013,44.83196273],[9.60245989,44.83197551],[9.60232201,44.83198392],[9.60210358,44.83200189],[9.60185526,44.83201394],[9.60164725,44.83202574],[9.60145424,44.8320526],[9.60116771,44.83207092],[9.60106931,44.83207269],[9.60046335,44.83202221]]]]},"properties":{"id":"Geositi_catasto_aree:422","name":"Spettine","kind":"area","source":"Regione Emilia-Romagna","sourceId":"rer-geosites","sourceLayer":"Geositi_catasto_aree","licence":"CC BY 4.0","retrievedAt":"2026-09-30T14:29:58.425806+00:00","sourceUrl":"https://servizigis.regione.emilia-romagna.it/wfs/geositi?service=WFS&version=2.0.0&request=GetFeature&typeNames=portale_geositi%3AGeositi_catasto_aree&outputFormat=GEOJSON&srsName=EPSG%3A4326&bbox=44.45%2C9.15%2C45.2%2C10.15%2CEPSG%3A4326&count=10000","recordUrl":"https://geo.regione.emilia-romagna.it/schede/geositi/scheda.jsp?id=2008","description":"Peculiari bacini calanchivi nei quali affiora una successione rovesciata comprendente la Formazione della Val Luretta, le Marne di Monte Piano e la Formazione di Ranzano; quest'ultima presenta una alternanza di litofacies pelitiche e arenacee e di corpi caotici.","municipality":"BETTOLA (PC)","minerals":"","period":"","historicalStatus":"","positionNote":"Original source geometry; positional accuracy not supplied.","raw":"{\"GmlID\": \"Geositi_catasto_aree.422\", \"OBJECTID\": 422, \"GISID\": 2008.0, \"PROVINCE\": \"Piacenza\", \"COMUNI\": \"BETTOLA (PC)\", \"LOCALITA\": \"Cassinari, Spettine\", \"NOME\": \"Spettine\", \"SINONIMIE\": \"null\", \"DIDASCALIA\": \"Peculiari bacini calanchivi nei quali affiora una successione rovesciata comprendente la Formazione della Val Luretta, le Marne di Monte Piano e la Formazione di Ranzano; quest'ultima presenta una alternanza di litofacies pelitiche e arenacee e di corpi caotici.\", \"DESCRIZIONE\": \"Pubblicabile\", \"VIGENTE\": \"D.G.R. n 1084/2021 (12/07/21)\", \"LISTA_ATTI\": \"D.G.R. n 1084/2021 (12/07/21); D.G.R. n 1302/2016 (01/09/16)\", \"GEOTIPI\": \"Passaggio stratigrafico, Calanchi\", \"GESSI_UNESCO\": \"null\", \"TIPO_ELEMENTO\": \"Geosito areale\", \"RILEVANZA\": \"Locale\", \"CATEGORIA\": \"3. Geosito di rilevanza locale (areale)\", \"CONTENUTOIN_REGIONALE\": 0.0, \"SCHEDA\": \"https://geo.regione.emilia-romagna.it/schede/geositi/scheda.jsp?id=2008\", \"FOTO\": \"null\", \"DIDASCALIA_FOTO\": \"null\", \"SHAPE.AREA\": 2591692.25311715, \"SHAPE.LEN\": 7832.53274055}","updated":"D.G.R. n 1084/2021 (12/07/21)","gpx":"","geositeId":"2008.0"}},{"type":"Feature","id":"Geositi_catasto_aree:431","geometry":{"type":"MultiPolygon","coordinates":[[[[9.73544052,44.84531872],[9.73676013,44.84598225],[9.73761126,44.84701026],[9.73766042,44.84796567],[9.73785073,44.84858441],[9.7377491,44.84915328],[9.73757669,44.84987756],[9.73722257,44.8506288],[9.73723261,44.85137773],[9.73691381,44.85199893],[9.73655376,44.85228496],[9.73643748,44.85179545],[9.73606927,44.85151389],[9.73559332,44.85133619],[9.73529858,44.85107971],[9.73496675,44.85077179],[9.73451952,44.84999963],[9.73418986,44.84963887],[9.73398475,44.84956429],[9.73372045,44.84942114],[9.73331652,44.84900999],[9.73308075,44.84881842],[9.73264208,44.84871775],[9.73238861,44.84865729],[9.73211506,44.8485487],[9.73192834,44.84839131],[9.73174091,44.84817877],[9.73144829,44.84809788],[9.73116523,44.84800314],[9.73097942,44.84791469],[9.73073585,44.84786797],[9.73063697,44.84773761],[9.73037209,44.84754626],[9.73026314,44.84738839],[9.729998,44.84717638],[9.72981244,44.84710178],[9.72963695,44.8470547],[9.72942225,44.84698029],[9.72923642,44.84688503],[9.72911779,44.84672727],[9.72896129,44.84664559],[9.72883465,44.84661886],[9.72852379,44.84662093],[9.7284253,44.84651818],[9.72853965,44.84634511],[9.72863527,44.8462273],[9.72866272,44.84609615],[9.72844838,44.84604932],[9.72830232,44.84602272],[9.72809725,44.84594137],[9.72785297,44.84583271],[9.72768587,44.84568218],[9.72744283,44.84567001],[9.72723803,44.84560933],[9.72711996,44.84549295],[9.72711828,44.845362],[9.72699127,44.8453077],[9.72679771,44.84536413],[9.72676054,44.84549534],[9.7266445,44.84553746],[9.72641207,44.84559415],[9.72621646,44.84549206],[9.72610641,44.84524466],[9.72610393,44.84505169],[9.72604369,44.84490046],[9.72584865,44.8448465],[9.72560421,44.84473078],[9.72554388,44.84457264],[9.72554106,44.84435213],[9.72540414,44.84428405],[9.72514967,44.84414089],[9.72487604,44.84401853],[9.7246824,44.84407484],[9.72445876,44.84406242],[9.72424405,44.84398797],[9.72423252,44.84384338],[9.72420078,44.84363692],[9.72398548,44.8435143],[9.7238965,44.84339088],[9.72383663,44.84324656],[9.72366123,44.84319254],[9.72348671,44.84322811],[9.72341091,44.84340772],[9.72337375,44.84354568],[9.72318021,44.84360887],[9.72308238,44.84355439],[9.72285646,44.84335614],[9.72284557,44.84323218],[9.72274759,44.84313634],[9.72250481,44.84314477],[9.72237911,44.84321447],[9.72219574,44.84335343],[9.7220027,44.84345789],[9.72177123,44.84347252],[9.72138482,44.84342566],[9.7211523,44.84333689],[9.7209197,44.84319287],[9.72074557,44.84312448],[9.72059039,44.84300773],[9.72058983,44.84293187],[9.72066653,44.84286957],[9.72090779,44.84288952],[9.72111051,44.84291648],[9.72132352,44.84302612],[9.72158505,44.84317003],[9.7217883,44.84325896],[9.72202974,44.84325803],[9.72217433,44.84311931],[9.72228043,44.84302906],[9.72242502,44.84289721],[9.72260905,44.84284091],[9.72290011,44.84281148],[9.72284878,44.8424049],[9.7230632,44.84199043],[9.7230215,44.84139691],[9.72301709,44.84090642],[9.72308362,44.84023472],[9.72296741,44.83940938],[9.72285611,44.83879049],[9.7229254,44.83788633],[9.72357511,44.83728786],[9.72429964,44.83736016],[9.72502678,44.83800056],[9.72586283,44.83858858],[9.72652025,44.83925561],[9.72739856,44.83974056],[9.7284581,44.84012097],[9.72955677,44.84070771],[9.73004288,44.84173753],[9.73027248,44.84261412],[9.73082735,44.84330779],[9.73192897,44.84404954],[9.73284533,44.84453429],[9.73544052,44.84531872]]]]},"properties":{"id":"Geositi_catasto_aree:431","name":"Rio Rosello","kind":"area","source":"Regione Emilia-Romagna","sourceId":"rer-geosites","sourceLayer":"Geositi_catasto_aree","licence":"CC BY 4.0","retrievedAt":"2026-09-30T14:29:58.425806+00:00","sourceUrl":"https://servizigis.regione.emilia-romagna.it/wfs/geositi?service=WFS&version=2.0.0&request=GetFeature&typeNames=portale_geositi%3AGeositi_catasto_aree&outputFormat=GEOJSON&srsName=EPSG%3A4326&bbox=44.45%2C9.15%2C45.2%2C10.15%2CEPSG%3A4326&count=10000","recordUrl":"https://geo.regione.emilia-romagna.it/schede/geositi/scheda.jsp?id=2009","description":"Affioramenti fossiliferi lungo il versante destro del rio Rosello, il cui fondovalle per circa un chilometro forma la prima stazione della Riserva geologica del Piacenziano, vi affiorano peliti bioturbate riferite alle formazione di Lugagnano e Castell'Arquato Auct.","municipality":"GROPPARELLO (PC)","minerals":"","period":"","historicalStatus":"","positionNote":"Original source geometry; positional accuracy not supplied.","raw":"{\"GmlID\": \"Geositi_catasto_aree.431\", \"OBJECTID\": 431, \"GISID\": 2009.0, \"PROVINCE\": \"Piacenza\", \"COMUNI\": \"GROPPARELLO (PC)\", \"LOCALITA\": \"Gelati, Le Villane\", \"NOME\": \"Rio Rosello\", \"SINONIMIE\": \"null\", \"DIDASCALIA\": \"Affioramenti fossiliferi lungo il versante destro del rio Rosello, il cui fondovalle per circa un chilometro forma la prima stazione della Riserva geologica del Piacenziano, vi affiorano peliti bioturbate riferite alle formazione di Lugagnano e Castell'Arquato Auct.\", \"DESCRIZIONE\": \"Pubblicabile\", \"VIGENTE\": \"D.G.R. n 1084/2021 (12/07/21)\", \"LISTA_ATTI\": \"D.G.R. n 1084/2021 (12/07/21); D.G.R. n 1302/2016 (01/09/16)\", \"GEOTIPI\": \"Molluschi bivalvi, Molluschi gasteropodi, Molluschi scafopodi, Successione stratigrafica\", \"GESSI_UNESCO\": \"null\", \"TIPO_ELEMENTO\": \"Geosito areale\", \"RILEVANZA\": \"Locale\", \"CATEGORIA\": \"3. Geosito di rilevanza locale (areale)\", \"CONTENUTOIN_REGIONALE\": 0.0, \"SCHEDA\": \"https://geo.regione.emilia-romagna.it/schede/geositi/scheda.jsp?id=2009\", \"FOTO\": \"null\", \"DIDASCALIA_FOTO\": \"null\", \"SHAPE.AREA\": 713996.77165385, \"SHAPE.LEN\": 5068.47880272}","updated":"D.G.R. n 1084/2021 (12/07/21)","gpx":"","geositeId":"2009.0"}},{"type":"Feature","id":"Geositi_catasto_aree:432","geometry":{"type":"MultiPolygon","coordinates":[[[[9.76062887,44.84546823],[9.76017759,44.84484817],[9.75987324,44.84453357],[9.75942811,44.84439362],[9.75901449,44.84447824],[9.75832136,44.84396194],[9.75793218,44.84373971],[9.75732652,44.84343643],[9.7569787,44.84315197],[9.75691759,44.84288634],[9.75712823,44.84258856],[9.75726665,44.84225026],[9.75772159,44.84200235],[9.75822194,44.84193811],[9.75870536,44.84171003],[9.75880102,44.84138219],[9.75863999,44.84112753],[9.75860678,44.84080049],[9.75847173,44.84036154],[9.75847989,44.83992174],[9.75860738,44.83981874],[9.75876924,44.84012459],[9.75884511,44.84043092],[9.75905279,44.84095117],[9.75930245,44.84140974],[9.75959204,44.84165328],[9.76001507,44.84117018],[9.76006774,44.84082232],[9.76019123,44.84041272],[9.76017154,44.84000399],[9.76015075,44.83951349],[9.76063431,44.83920433],[9.76105044,44.83925305],[9.7612098,44.83940536],[9.76132739,44.8396397],[9.761431,44.83990475],[9.76192272,44.84027988],[9.76224176,44.84051292],[9.76243354,44.84089994],[9.76295668,44.84132583],[9.76337955,44.84179316],[9.76358488,44.84211878],[9.76379017,44.8424444],[9.7639952,44.84274959],[9.76412902,44.8431165],[9.76453629,44.84349197],[9.76484421,44.84397019],[9.76509256,44.84428534],[9.76535426,44.84451868],[9.76634863,44.84466606],[9.76691558,44.84511254],[9.767581,44.84536448],[9.76808644,44.84548448],[9.7681893,44.84564746],[9.76846673,44.84595267],[9.76868596,44.8462071],[9.76855663,44.8462282],[9.7682271,44.84636272],[9.76814353,44.84658798],[9.76804414,44.84670089],[9.76772973,44.8468966],[9.76734329,44.84709261],[9.76685687,44.84736058],[9.76615382,44.8475786],[9.7654941,44.84771534],[9.76517745,44.84767639],[9.76420993,44.84731441],[9.76360263,44.84702193],[9.76238874,44.84650843],[9.76166164,44.84623483],[9.76155873,44.84618254],[9.76133148,44.84606413],[9.76115706,44.8459716],[9.76093578,44.8459094],[9.76089234,44.84587726],[9.76062887,44.84546823]]]]},"properties":{"id":"Geositi_catasto_aree:432","name":"Val Chero","kind":"area","source":"Regione Emilia-Romagna","sourceId":"rer-geosites","sourceLayer":"Geositi_catasto_aree","licence":"CC BY 4.0","retrievedAt":"2026-09-30T14:29:58.425806+00:00","sourceUrl":"https://servizigis.regione.emilia-romagna.it/wfs/geositi?service=WFS&version=2.0.0&request=GetFeature&typeNames=portale_geositi%3AGeositi_catasto_aree&outputFormat=GEOJSON&srsName=EPSG%3A4326&bbox=44.45%2C9.15%2C45.2%2C10.15%2CEPSG%3A4326&count=10000","recordUrl":"https://geo.regione.emilia-romagna.it/schede/geositi/scheda.jsp?id=2010","description":"Affioramenti fossiliferi lungo il versante sinistro del torrente Chero, in parte compreso nel perimetro della II stazione della Riserva Geologica del Piacenziano, dove affiorano arenarie riferite a S. di Badagnano, F. di Castell'Arquato auct.","municipality":"CARPANETO PIACENTINO (PC), LUGAGNANO VAL D'ARDA (PC)","minerals":"","period":"","historicalStatus":"","positionNote":"Original source geometry; positional accuracy not supplied.","raw":"{\"GmlID\": \"Geositi_catasto_aree.432\", \"OBJECTID\": 432, \"GISID\": 2010.0, \"PROVINCE\": \"Piacenza\", \"COMUNI\": \"CARPANETO PIACENTINO (PC), LUGAGNANO VAL D'ARDA (PC)\", \"LOCALITA\": \"Le Baracche, Verzaneto\", \"NOME\": \"Val Chero\", \"SINONIMIE\": \"null\", \"DIDASCALIA\": \"Affioramenti fossiliferi lungo il versante sinistro del torrente Chero, in parte compreso nel perimetro della II stazione della Riserva Geologica del Piacenziano, dove affiorano arenarie riferite a S. di Badagnano, F. di Castell'Arquato auct.\", \"DESCRIZIONE\": \"Pubblicabile\", \"VIGENTE\": \"D.G.R. n 1084/2021 (12/07/21)\", \"LISTA_ATTI\": \"D.G.R. n 1084/2021 (12/07/21); D.G.R. n 1302/2016 (01/09/16)\", \"GEOTIPI\": \"Contrafforte, Molluschi bivalvi, Molluschi gasteropodi\", \"GESSI_UNESCO\": \"null\", \"TIPO_ELEMENTO\": \"Geosito areale\", \"RILEVANZA\": \"Locale\", \"CATEGORIA\": \"3. Geosito di rilevanza locale (areale)\", \"CONTENUTOIN_REGIONALE\": 0.0, \"SCHEDA\": \"https://geo.regione.emilia-romagna.it/schede/geositi/scheda.jsp?id=2010\", \"FOTO\": \"null\", \"DIDASCALIA_FOTO\": \"null\", \"SHAPE.AREA\": 366978.64521482, \"SHAPE.LEN\": 3234.96038369}","updated":"D.G.R. n 1084/2021 (12/07/21)","gpx":"","geositeId":"2010.0"}},{"type":"Feature","id":"Geositi_catasto_aree:433","geometry":{"type":"MultiPolygon","coordinates":[[[[9.88153001,44.86264399],[9.88174209,44.86286015],[9.88195931,44.86295258],[9.8822474,44.86312865],[9.88238951,44.86332059],[9.88246866,44.8634833],[9.8825803,44.86371999],[9.8827389,44.8640652],[9.88298274,44.86451864],[9.88313512,44.86491336],[9.88327049,44.8651103],[9.88358607,44.86547911],[9.88384913,44.86582851],[9.8841605,44.86615282],[9.88433844,44.86640387],[9.88443965,44.86664556],[9.88449137,44.86683814],[9.8845423,44.86720387],[9.88464463,44.86751978],[9.88475282,44.86776643],[9.88476243,44.86793954],[9.88484857,44.86811212],[9.88490269,44.86846802],[9.88496712,44.86858634],[9.88514404,44.86901565],[9.88502345,44.86931831],[9.88481884,44.86958192],[9.88474593,44.86981497],[9.88483335,44.87007665],[9.88480872,44.87028464],[9.88474188,44.87068585],[9.88456252,44.87077111],[9.88427122,44.87080758],[9.88389704,44.87087425],[9.88368189,44.87089045],[9.88366618,44.87077678],[9.88365928,44.87034149],[9.88366848,44.87004462],[9.88372486,44.86965345],[9.88367883,44.86938169],[9.88357786,44.8691548],[9.88341238,44.86880965],[9.8833618,44.86869128],[9.8833154,44.8686174],[9.88321996,44.86830643],[9.88316895,44.86816334],[9.88316632,44.86800013],[9.88317592,44.86773296],[9.88316658,44.86758465],[9.8831717,44.86747084],[9.88315579,44.8673473],[9.88306947,44.86716981],[9.8830144,44.86698715],[9.88293598,44.86686898],[9.8827246,44.86670721],[9.88246457,44.86655073],[9.8822248,44.86635454],[9.88196473,44.86619807],[9.88166854,44.86596275],[9.88143524,44.86574182],[9.88122285,44.86552073],[9.8810999,44.86545236],[9.88091373,44.86512717],[9.88081316,44.86493],[9.88069834,44.86471314],[9.88067288,44.86442141],[9.88056433,44.86415998],[9.88051999,44.86399704],[9.88039831,44.86356252],[9.8803047,44.86336529],[9.88012703,44.86312411],[9.87985976,44.86294295],[9.87965369,44.86266237],[9.87954722,44.86252457],[9.87948195,44.86258442],[9.87941308,44.86216428],[9.87934685,44.86192226],[9.87924502,44.86162606],[9.8790119,44.86140005],[9.87875821,44.86119396],[9.87842095,44.86098845],[9.87820352,44.86088108],[9.87797212,44.86053129],[9.8777369,44.86014203],[9.87746032,44.85977783],[9.87732396,44.85949176],[9.87715632,44.85919601],[9.87699961,44.85891996],[9.87680743,44.8585947],[9.87648275,44.85825065],[9.87622936,44.85803478],[9.87613961,44.85783253],[9.87593404,44.85755692],[9.87569998,44.85723701],[9.87548028,44.85695165],[9.87520582,44.85673602],[9.8750784,44.8565836],[9.87490378,44.85629299],[9.87462839,44.85601801],[9.87415293,44.85538838],[9.87387115,44.85511854],[9.87363456,44.85481866],[9.87337398,44.85454368],[9.87307715,44.8541454],[9.87292146,44.85391912],[9.87286381,44.85375148],[9.87278518,44.85357409],[9.8728008,44.85343064],[9.87258991,44.85323443],[9.8724493,44.85310199],[9.87244085,44.85297849],[9.87241855,44.85286001],[9.87243136,44.85277095],[9.87272582,44.85269961],[9.87290623,44.85267854],[9.87306012,44.85276144],[9.87316673,44.85295346],[9.87339287,44.8532583],[9.87376778,44.85378948],[9.87397908,44.85401537],[9.87431484,44.85415604],[9.87451263,44.8543868],[9.87474643,44.85470627],[9.87493826,44.85500634],[9.87517749,44.85519725],[9.87552561,44.85545173],[9.8759131,44.85578026],[9.8761263,44.85609535],[9.87633924,44.8563956],[9.87649614,44.85667157],[9.8766803,44.85690773],[9.87686196,44.85721817],[9.87718643,44.8575424],[9.8774089,44.85778821],[9.87761028,44.85775698],[9.87781074,44.85765643],[9.87792135,44.85760112],[9.87814654,44.85778269],[9.87837444,44.85816729],[9.87881287,44.8586792],[9.87898958,44.85888099],[9.87910493,44.8591872],[9.8791791,44.85951339],[9.87936442,44.8598041],[9.87967644,44.86018795],[9.87970953,44.86030649],[9.87968466,44.86050955],[9.87982668,44.86069661],[9.8801141,44.86082822],[9.88040175,44.86097467],[9.88071297,44.86130401],[9.88066128,44.8615765],[9.88071561,44.86171961],[9.88089912,44.86188654],[9.88110533,44.862177],[9.88122733,44.86242351],[9.88153001,44.86264399]]]]},"properties":{"id":"Geositi_catasto_aree:433","name":"Alveo del T. Arda a valle del ponte di Castell'Arquato","kind":"area","source":"Regione Emilia-Romagna","sourceId":"rer-geosites","sourceLayer":"Geositi_catasto_aree","licence":"CC BY 4.0","retrievedAt":"2026-09-30T14:29:58.425806+00:00","sourceUrl":"https://servizigis.regione.emilia-romagna.it/wfs/geositi?service=WFS&version=2.0.0&request=GetFeature&typeNames=portale_geositi%3AGeositi_catasto_aree&outputFormat=GEOJSON&srsName=EPSG%3A4326&bbox=44.45%2C9.15%2C45.2%2C10.15%2CEPSG%3A4326&count=10000","recordUrl":"https://geo.regione.emilia-romagna.it/schede/geositi/scheda.jsp?id=2014","description":"Tratto di greto di grande interesse paleontologico e stratigrafico: il torrente scorre fiancheggiato da alte scarpate di erosione lungo le quali è ben esposta una successione molto fossilifera nella quale è registrato il passaggio Pliocene-Pleistocene.","municipality":"CASTELL'ARQUATO (PC)","minerals":"","period":"","historicalStatus":"","positionNote":"Original source geometry; positional accuracy not supplied.","raw":"{\"GmlID\": \"Geositi_catasto_aree.433\", \"OBJECTID\": 433, \"GISID\": 2014.0, \"PROVINCE\": \"Piacenza\", \"COMUNI\": \"CASTELL'ARQUATO (PC)\", \"LOCALITA\": \"CASTELL'ARQUATO, la Castellana\", \"NOME\": \"Alveo del T. Arda a valle del ponte di Castell'Arquato\", \"SINONIMIE\": \"null\", \"DIDASCALIA\": \"Tratto di greto di grande interesse paleontologico e stratigrafico: il torrente scorre fiancheggiato da alte scarpate di erosione lungo le quali è ben esposta una successione molto fossilifera nella quale è registrato il passaggio Pliocene-Pleistocene.\", \"DESCRIZIONE\": \"Pubblicabile\", \"VIGENTE\": \"D.G.R. n 1084/2021 (12/07/21)\", \"LISTA_ATTI\": \"D.G.R. n 1084/2021 (12/07/21); D.G.R. n 1302/2016 (01/09/16)\", \"GEOTIPI\": \"Molluschi bivalvi, Molluschi gasteropodi, Passaggio stratigrafico, Successione stratigrafica\", \"GESSI_UNESCO\": \"null\", \"TIPO_ELEMENTO\": \"Geosito areale\", \"RILEVANZA\": \"Regionale\", \"CATEGORIA\": \"1. Geosito di rilevanza regionale (areale)\", \"CONTENUTOIN_REGIONALE\": 0.0, \"SCHEDA\": \"https://geo.regione.emilia-romagna.it/schede/geositi/scheda.jsp?id=2014\", \"FOTO\": \"https://geo.regione.emilia-romagna.it/gstatico/documenti/patrimonio_geologico/img/web/2014_ArdaGreto.jpg\", \"DIDASCALIA_FOTO\": \"Greto del Torrente Arda\", \"SHAPE.AREA\": 260304.29673833, \"SHAPE.LEN\": 4757.89633266}","updated":"D.G.R. n 1084/2021 (12/07/21)","gpx":"","geositeId":"2014.0"}},{"type":"Feature","id":"Geositi_catasto_aree:440","geometry":{"type":"MultiPolygon","coordinates":[[[[9.89135054,44.83450037],[9.89126704,44.83458736],[9.89125832,44.83467729],[9.89131584,44.83479525],[9.89137855,44.83492034],[9.8914305,44.83501103],[9.89143064,44.83501319],[9.89142229,44.83512466],[9.89137798,44.8352042],[9.89131846,44.83528391],[9.89127437,44.83538139],[9.89127566,44.83546754],[9.89126148,44.83553591],[9.89122176,44.83559022],[9.89117645,44.83560868],[9.89111588,44.83562372],[9.89105552,44.83565312],[9.89096984,44.83568281],[9.89088922,44.83571244],[9.8908639,44.83572688],[9.89073282,44.83575729],[9.89057119,44.83579143],[9.89049046,44.83581389],[9.89038449,44.83584381],[9.89031404,44.83587693],[9.89022848,44.8359174],[9.89013802,44.8359687],[9.89005271,44.83602713],[9.88999308,44.83607421],[9.88992343,44.83612133],[9.88987377,44.83616115],[9.88979913,44.83621189],[9.88972458,44.83626982],[9.88964489,44.8363206],[9.8895651,44.8363642],[9.88950008,44.83638615],[9.88942979,44.83639018],[9.88937449,44.83638694],[9.88933923,44.83637997],[9.88925355,44.83635896],[9.88917797,44.83634147],[9.88913272,44.83633816],[9.88908294,44.83637439],[9.88904826,44.83641411],[9.88900349,44.83645031],[9.88896383,44.83649366],[9.88893408,44.83652618],[9.8888941,44.83654439],[9.88884402,44.83655907],[9.88874377,44.83658125],[9.88861341,44.83660721],[9.88850306,44.83662586],[9.88838268,44.83664817],[9.88828731,44.83665954],[9.88818687,44.83666736],[9.88809648,44.83667511],[9.88791059,44.83668346],[9.88782011,44.83668403],[9.88770943,44.83667394],[9.88758366,44.83666395],[9.88748813,44.83666096],[9.88738269,44.8366724],[9.88729239,44.83669093],[9.88721713,44.83670577],[9.88712169,44.83671355],[9.88707635,44.83670306],[9.88701581,44.83667829],[9.88697035,44.83665342],[9.88690469,44.8366179],[9.88683411,44.83659319],[9.88671325,44.83656521],[9.88662758,44.836537],[9.88654192,44.83650879],[9.8864563,44.83648417],[9.88637045,44.83643081],[9.88636163,44.83642772],[9.88635013,44.83640219],[9.88631959,44.83635207],[9.88628409,44.83630918],[9.88626377,44.83628056],[9.88624324,44.83622319],[9.88622781,44.83617658],[9.88620232,44.83612643],[9.88614665,44.83606928],[9.88610108,44.83601926],[9.88606071,44.83599794],[9.88604519,44.83595131],[9.8859993,44.83590485],[9.88594831,44.83585482],[9.88590736,44.83579396],[9.88589173,44.83573655],[9.8858862,44.8356755],[9.8858655,44.83561812],[9.88586519,44.8355786],[9.8858295,44.83554645],[9.88579387,44.83552149],[9.88572276,44.83549314],[9.88568706,44.83546099],[9.8856361,44.83542175],[9.88557502,44.83538256],[9.88549873,44.83534345],[9.8854373,44.83530069],[9.88535536,44.83524727],[9.88526834,44.83519389],[9.88519652,44.83514041],[9.88512489,44.83509771],[9.88505319,44.83505142],[9.88501712,44.83501571],[9.88494036,44.83496944],[9.88488922,44.83494099],[9.88481777,44.83490905],[9.88477163,44.83487698],[9.88475481,44.83486942],[9.88475113,44.83486273],[9.88467899,44.83479129],[9.88464273,44.8347448],[9.88458109,44.83469486],[9.88452533,44.83469157],[9.88443424,44.83469565],[9.88440163,44.8346905],[9.88436822,44.83468522],[9.8843224,44.83467111],[9.884266,44.8346319],[9.88418948,44.83459999],[9.8841481,44.83454993],[9.88414395,44.8345374],[9.88413741,44.83451766],[9.88412672,44.8344854],[9.88411578,44.83443876],[9.88408996,44.83441017],[9.88405438,44.83440318],[9.88401856,44.83438182],[9.88396267,44.83437134],[9.88392172,44.83434641],[9.8838707,44.83432514],[9.88382456,44.83429305],[9.88378342,44.83425736],[9.88374728,44.83421804],[9.88371114,44.83417872],[9.88369013,44.83413573],[9.88365349,44.83406768],[9.88363236,44.8340175],[9.88357033,44.83394599],[9.883519,44.83390675],[9.88347286,44.83387467],[9.88341183,44.83386062],[9.88338594,44.83382843],[9.88338563,44.83381047],[9.883385,44.83377455],[9.88340457,44.83373494],[9.88342395,44.83368455],[9.88338731,44.83361649],[9.8833159,44.83358813],[9.88327001,44.83357041],[9.88320398,44.83355997],[9.88311281,44.83356044],[9.88305185,44.83354998],[9.88298582,44.83353955],[9.8829196,44.83351834],[9.88285332,44.83349353],[9.88278197,44.83346876],[9.8827407,44.83342586],[9.88271858,44.83341354],[9.88265556,44.83333649],[9.88258383,44.83329016],[9.88250216,44.83325465],[9.88242068,44.83322992],[9.8823292,44.83321243],[9.88215706,44.8332169],[9.88199993,44.8332142],[9.88186827,44.8332259],[9.88179778,44.83325513],[9.88171758,44.83330957],[9.88164226,44.8333532],[9.88153662,44.83340423],[9.88145182,44.83348744],[9.88133176,44.83358527],[9.88125139,44.83363252],[9.88117017,44.83362949],[9.88104789,44.833598],[9.88091015,44.83355225],[9.88076197,44.83348861],[9.88060862,44.83341783],[9.88050111,44.83335751],[9.88036329,44.83330459],[9.88023586,44.83326596],[9.8800934,44.83323821],[9.87997683,44.83324261],[9.87988059,44.83325046],[9.87975883,44.83324771],[9.87959632,44.83323447],[9.87947929,44.83321014],[9.87940757,44.83316395],[9.87925928,44.83308596],[9.87916667,44.83300041],[9.87911993,44.83292891],[9.87905742,44.83282161],[9.87898964,44.83269997],[9.87892738,44.83260704],[9.87888562,44.83252832],[9.87878855,44.83247873],[9.87868718,44.83247944],[9.8785704,44.83246589],[9.87847868,44.83243422],[9.87838249,44.83244207],[9.87835326,44.83252128],[9.87822319,44.8326371],[9.87815835,44.83270937],[9.8780829,44.8327494],[9.87802799,44.83280723],[9.878006,44.83281369],[9.87797249,44.83280767],[9.87782138,44.83282682],[9.87769551,44.83284577],[9.87762072,44.83290741],[9.87757105,44.83296166],[9.87746656,44.83306303],[9.87741206,44.83313169],[9.87733201,44.83317901],[9.87728203,44.83321172],[9.87719715,44.83327344],[9.87711222,44.83333156],[9.87708252,44.8333713],[9.87703801,44.83343269],[9.87695812,44.83349078],[9.87686325,44.83355976],[9.87677837,44.83362147],[9.87670868,44.83368666],[9.8766639,44.83373011],[9.87661891,44.83375919],[9.87661386,44.83375923],[9.87653324,44.83376705],[9.87648284,44.83377104],[9.87642219,44.83376434],[9.87638167,44.83375388],[9.87633605,44.83373988],[9.87628023,44.83371878],[9.87622457,44.83370844],[9.87615914,44.83371973],[9.87609381,44.8337382],[9.87603342,44.83374946],[9.8759476,44.83374654],[9.87588179,44.8337327],[9.87582608,44.83371878],[9.87577032,44.83370126],[9.87572517,44.83371957],[9.87567009,44.83374874],[9.87560518,44.83379593],[9.8755603,44.8338322],[9.87551027,44.83386132],[9.87546018,44.83388685],[9.87538986,44.83390895],[9.87527949,44.83395292],[9.87518925,44.83399313],[9.8751756,44.83399986],[9.87516917,44.83400047],[9.87505869,44.83403725],[9.87494806,44.83406326],[9.87482208,44.83407503],[9.87470099,44.83407599],[9.87459482,44.83406246],[9.8744937,44.8340489],[9.87441765,44.83402436],[9.87438202,44.8340031],[9.87435117,44.83396384],[9.87429956,44.83388525],[9.87427317,44.83380645],[9.87421163,44.83373871],[9.87417074,44.83370312],[9.87409448,44.83366422],[9.87401827,44.83362891],[9.87398272,44.83359489],[9.87398232,44.8335861],[9.87393585,44.83351465],[9.8738434,44.83340405],[9.873746,44.83330068],[9.87360834,44.8332048],[9.87346032,44.83309104],[9.87330783,44.83301682],[9.87317063,44.83295326],[9.87308427,44.83291443],[9.87303833,44.83287888],[9.87297714,44.83283626],[9.87282428,44.8327369],[9.87264104,44.8326306],[9.87251409,44.83257772],[9.87235713,44.83254303],[9.87219486,44.83249043],[9.87209845,44.83245527],[9.87203227,44.83241628],[9.87187924,44.83230615],[9.87179271,44.83225654],[9.87178083,44.83225486],[9.87177237,44.83224593],[9.87168127,44.83222868],[9.87157477,44.83219359],[9.8714833,44.83215121],[9.87137632,44.83208381],[9.87125425,44.83202011],[9.87117272,44.83196687],[9.87110138,44.83192074],[9.8710506,44.83189959],[9.87098457,44.83187137],[9.87092396,44.83186825],[9.87079259,44.83185849],[9.87060582,44.83185635],[9.87043919,44.83185046],[9.87032323,44.83185854],[9.87021205,44.83184863],[9.87010581,44.8318315],[9.87000966,44.83181428],[9.86995882,44.83178953],[9.86989241,44.83173617],[9.86980559,44.8316686],[9.86971867,44.83159385],[9.86964211,44.83153697],[9.86953978,44.83144438],[9.86941721,44.83134834],[9.86937114,44.83130559],[9.86927865,44.83119853],[9.86919707,44.83114528],[9.86912608,44.83112426],[9.86900478,44.83111442],[9.86892403,44.83111504],[9.86880806,44.83112311],[9.86868698,44.83112763],[9.86854062,44.83112875],[9.86843447,44.83111879],[9.86834817,44.83108712],[9.86823143,44.83104491],[9.8681204,44.83104576],[9.86797403,44.83104688],[9.86777226,44.83105561],[9.86757548,44.83106071],[9.86741847,44.83102599],[9.86720589,44.8309881],[9.86715183,44.83097122],[9.86676561,44.83081349],[9.86675891,44.83080472],[9.86662149,44.83073033],[9.86646849,44.83062732],[9.86641302,44.83063134],[9.86636288,44.83065327],[9.86627774,44.83069703],[9.86620275,44.8307443],[9.86611733,44.8307701],[9.86601672,44.83079243],[9.86586553,44.83080795],[9.86570419,44.83081996],[9.86554795,44.83083552],[9.86545238,44.83085781],[9.86539719,44.83087978],[9.86532143,44.83087677],[9.86516454,44.83084923],[9.86501258,44.83081447],[9.86488092,44.83078673],[9.86476483,44.83078762],[9.86458852,44.83081052],[9.86444731,44.83081878],[9.86433616,44.83081244],[9.86422453,44.83077378],[9.86412803,44.830735],[9.86406681,44.83069236],[9.8640107,44.83065327],[9.86398442,44.83058521],[9.86393785,44.83051013],[9.86380516,44.83041415],[9.86365803,44.83036498],[9.86350108,44.83033384],[9.86342489,44.83030209],[9.86333306,44.83023813],[9.86323021,44.83011318],[9.8631634,44.83003466],[9.86310635,44.82993451],[9.86299265,44.82975935],[9.86293039,44.82964846],[9.86292417,44.8296384],[9.86294819,44.82946784],[9.86297977,44.82936125],[9.8631429,44.82917095],[9.86327158,44.8288982],[9.86339954,44.82857818],[9.86359497,44.82832855],[9.86395586,44.82804222],[9.86437015,44.82799179],[9.86526944,44.82817399],[9.86594897,44.82809791],[9.86642931,44.82802334],[9.86695781,44.82784205],[9.86761838,44.82761249],[9.86824901,44.82759585],[9.86878076,44.82762721],[9.86944331,44.82752761],[9.86992219,44.8273585],[9.87041635,44.82711845],[9.87095905,44.82680717],[9.87138865,44.82668576],[9.8719676,44.8265632],[9.87229797,44.82646618],[9.87272752,44.82634478],[9.87345418,44.82612661],[9.87390229,44.82612318],[9.87412468,44.82651123],[9.87464399,44.82679072],[9.87496297,44.82700086],[9.87506839,44.82734256],[9.8752403,44.82773113],[9.87537758,44.82802544],[9.87539831,44.82829701],[9.87530216,44.82852224],[9.8756523,44.82862585],[9.87605387,44.8288354],[9.87657,44.82893772],[9.87721601,44.82885001],[9.87759918,44.82894153],[9.87777035,44.82928279],[9.87785871,44.8296365],[9.87803131,44.83007224],[9.87833287,44.83019999],[9.87863116,44.83011514],[9.87892959,44.83004208],[9.87913061,44.83012333],[9.87931769,44.83037006],[9.87951839,44.83042768],[9.87980235,44.83048471],[9.88023456,44.83044613],[9.88063286,44.83037235],[9.88094748,44.83027554],[9.88112664,44.83004974],[9.88125645,44.82985974],[9.88180129,44.82961943],[9.88221785,44.82964049],[9.88243807,44.82984035],[9.88267518,44.83005193],[9.88307543,44.83007369],[9.88337552,44.83008411],[9.88342897,44.8302729],[9.88433081,44.83038679],[9.88474863,44.8304557],[9.88523134,44.83042979],[9.88531972,44.83070105],[9.8852575,44.83093759],[9.88516393,44.83128059],[9.88510388,44.83165885],[9.88507525,44.83193066],[9.88493162,44.83229754],[9.88480099,44.83245175],[9.88468661,44.83258226],[9.88489165,44.83287652],[9.88551114,44.83305054],[9.8862149,44.83335373],[9.8865121,44.83333985],[9.88688766,44.83306551],[9.88709868,44.83282771],[9.88744787,44.83295518],[9.88768277,44.83317805],[9.88776963,44.83344926],[9.88770707,44.83367425],[9.88764564,44.83397012],[9.88794707,44.83423995],[9.88816548,44.83448675],[9.88839658,44.83448525],[9.88865841,44.83432985],[9.88905066,44.83405529],[9.88927863,44.83382906],[9.88959176,44.83377963],[9.88986959,44.8335648],[9.89006467,44.83332681],[9.8904549,44.83274352],[9.8909145,44.83240825],[9.89122684,44.83222815],[9.89150698,44.83211932],[9.89168568,44.83189326],[9.89196383,44.83167823],[9.89226361,44.8317702],[9.89263017,44.83188517],[9.89294758,44.8320241],[9.89311832,44.83229409],[9.89332392,44.8326463],[9.89336399,44.83301176],[9.89316918,44.83324965],[9.89296402,44.8333807],[9.89293006,44.83339257],[9.89281988,44.83344389],[9.89269869,44.83344507],[9.89246192,44.83347969],[9.89245791,44.83348085],[9.8923346,44.83351667],[9.8923212,44.83352056],[9.89220627,44.83359351],[9.89207689,44.8337097],[9.89195173,44.83377918],[9.89189729,44.83384797],[9.89189373,44.83385554],[9.89185823,44.83393097],[9.89179319,44.83397114],[9.89171056,44.83399822],[9.89170269,44.8340008],[9.89161764,44.83405555],[9.89162317,44.83409071],[9.89162892,44.83412729],[9.89160004,44.83421739],[9.89139111,44.83443514],[9.89137323,44.83444623],[9.89135054,44.83450037]]]]},"properties":{"id":"Geositi_catasto_aree:440","name":"Calanchi di Monte la Ciocca e Pizzo Santo Stefano","kind":"area","source":"Regione Emilia-Romagna","sourceId":"rer-geosites","sourceLayer":"Geositi_catasto_aree","licence":"CC BY 4.0","retrievedAt":"2026-09-30T14:29:58.425806+00:00","sourceUrl":"https://servizigis.regione.emilia-romagna.it/wfs/geositi?service=WFS&version=2.0.0&request=GetFeature&typeNames=portale_geositi%3AGeositi_catasto_aree&outputFormat=GEOJSON&srsName=EPSG%3A4326&bbox=44.45%2C9.15%2C45.2%2C10.15%2CEPSG%3A4326&count=10000","recordUrl":"https://geo.regione.emilia-romagna.it/schede/geositi/scheda.jsp?id=2017","description":"Estesi bacini calanchivi lungo il versante sinistro del torrente Ongina, dove affiorano argille riferite alla FAA. Nel 1986 vennero ritrovati i resti sparsi di uno scheletro incompleto di Balenoptera acutirostrata.","municipality":"VERNASCA (PC)","minerals":"","period":"","historicalStatus":"","positionNote":"Original source geometry; positional accuracy not supplied.","raw":"{\"GmlID\": \"Geositi_catasto_aree.440\", \"OBJECTID\": 440, \"GISID\": 2017.0, \"PROVINCE\": \"Piacenza\", \"COMUNI\": \"VERNASCA (PC)\", \"LOCALITA\": \"C. Vecchia, MONTE LA CIOCCA, Pizzo Santo Stefano\", \"NOME\": \"Calanchi di Monte la Ciocca e Pizzo Santo Stefano\", \"SINONIMIE\": \"null\", \"DIDASCALIA\": \"Estesi bacini calanchivi lungo il versante sinistro del torrente Ongina, dove affiorano argille riferite alla FAA. Nel 1986 vennero ritrovati i resti sparsi di uno scheletro incompleto di Balenoptera acutirostrata.\", \"DESCRIZIONE\": \"Pubblicabile\", \"VIGENTE\": \"D.G.R. n 1084/2021 (12/07/21)\", \"LISTA_ATTI\": \"D.G.R. n 1084/2021 (12/07/21); D.G.R. n 1302/2016 (01/09/16)\", \"GEOTIPI\": \"Cetacei fossili, Molluschi bivalvi, Molluschi gasteropodi, Calanchi\", \"GESSI_UNESCO\": \"null\", \"TIPO_ELEMENTO\": \"Geosito areale\", \"RILEVANZA\": \"Locale\", \"CATEGORIA\": \"3. Geosito di rilevanza locale (areale)\", \"CONTENUTOIN_REGIONALE\": 0.0, \"SCHEDA\": \"https://geo.regione.emilia-romagna.it/schede/geositi/scheda.jsp?id=2017\", \"FOTO\": \"null\", \"DIDASCALIA_FOTO\": \"null\", \"SHAPE.AREA\": 969157.01288149, \"SHAPE.LEN\": 6983.57078248}","updated":"D.G.R. n 1084/2021 (12/07/21)","gpx":"","geositeId":"2017.0"}},{"type":"Feature","id":"Geositi_catasto_aree:441","geometry":{"type":"MultiPolygon","coordinates":[[[[9.61077904,44.70344417],[9.61048329,44.70460797],[9.60980377,44.70525257],[9.6072575,44.70587622],[9.60646733,44.70577232],[9.60393101,44.70531973],[9.60236735,44.7050895],[9.60095956,44.70336833],[9.6016229,44.70293128],[9.60324218,44.70257595],[9.60520002,44.702717],[9.60771514,44.70221499],[9.60927977,44.70222719],[9.61055963,44.7026534],[9.61077904,44.70344417]]]]},"properties":{"id":"Geositi_catasto_aree:441","name":"Le Miniere","kind":"area","source":"Regione Emilia-Romagna","sourceId":"rer-geosites","sourceLayer":"Geositi_catasto_aree","licence":"CC BY 4.0","retrievedAt":"2026-09-30T14:29:58.425806+00:00","sourceUrl":"https://servizigis.regione.emilia-romagna.it/wfs/geositi?service=WFS&version=2.0.0&request=GetFeature&typeNames=portale_geositi%3AGeositi_catasto_aree&outputFormat=GEOJSON&srsName=EPSG%3A4326&bbox=44.45%2C9.15%2C45.2%2C10.15%2CEPSG%3A4326&count=10000","recordUrl":"https://geo.regione.emilia-romagna.it/schede/geositi/scheda.jsp?id=2018","description":"Ex miniera di calcopirite attiva tra il 1941 e il 1946 che sfruttava adunamenti discontinui di calcopirite e pirite cuprifera in lembi di rocce serpentinitiche tra le Argille a Palombini e il Complesso di Casanova, in una zona geologicamente complessa.","municipality":"FARINI (PC)","minerals":"","period":"","historicalStatus":"","positionNote":"Original source geometry; positional accuracy not supplied.","raw":"{\"GmlID\": \"Geositi_catasto_aree.441\", \"OBJECTID\": 441, \"GISID\": 2018.0, \"PROVINCE\": \"Piacenza\", \"COMUNI\": \"FARINI (PC)\", \"LOCALITA\": \"Bruzzetti, Le Miniere\", \"NOME\": \"Le Miniere\", \"SINONIMIE\": \"Pometo\", \"DIDASCALIA\": \"Ex miniera di calcopirite attiva tra il 1941 e il 1946 che sfruttava adunamenti discontinui di calcopirite e pirite cuprifera in lembi di rocce serpentinitiche tra le Argille a Palombini e il Complesso di Casanova, in una zona geologicamente complessa.\", \"DESCRIZIONE\": \"Pubblicabile\", \"VIGENTE\": \"D.G.R. n 1084/2021 (12/07/21)\", \"LISTA_ATTI\": \"D.G.R. n 1084/2021 (12/07/21); D.G.R. n 1302/2016 (01/09/16)\", \"GEOTIPI\": \"Ex miniera, Calcopirite\", \"GESSI_UNESCO\": \"null\", \"TIPO_ELEMENTO\": \"Geosito areale\", \"RILEVANZA\": \"Locale\", \"CATEGORIA\": \"3. Geosito di rilevanza locale (areale)\", \"CONTENUTOIN_REGIONALE\": 0.0, \"SCHEDA\": \"https://geo.regione.emilia-romagna.it/schede/geositi/scheda.jsp?id=2018\", \"FOTO\": \"null\", \"DIDASCALIA_FOTO\": \"null\", \"SHAPE.AREA\": 231190.35938157, \"SHAPE.LEN\": 1946.8537122}","updated":"D.G.R. n 1084/2021 (12/07/21)","gpx":"","geositeId":"2018.0"}},{"type":"Feature","id":"Geositi_catasto_aree:450","geometry":{"type":"MultiPolygon","coordinates":[[[[9.54409781,44.70723892],[9.54415378,44.70745326],[9.54407052,44.70770683],[9.54396445,44.70775719],[9.54376095,44.70786941],[9.54362248,44.70796979],[9.54268056,44.70770986],[9.5418993,44.70762809],[9.54149722,44.70745951],[9.54130888,44.70741514],[9.54092146,44.707326],[9.54065268,44.70728969],[9.53990038,44.70721102],[9.5392878,44.70714659],[9.53863339,44.70718205],[9.53824699,44.7071849],[9.53800877,44.70699502],[9.53751235,44.70670656],[9.53746674,44.70645386],[9.53739069,44.70636232],[9.53736652,44.70610951],[9.53733098,44.70579545],[9.53743524,44.7055189],[9.53744151,44.70510495],[9.53739721,44.70497491],[9.5375987,44.70476676],[9.53790649,44.70447366],[9.53810089,44.70429799],[9.53817934,44.70415461],[9.53851839,44.70406683],[9.53900055,44.70426389],[9.53932306,44.70449043],[9.53980561,44.7047159],[9.54018674,44.70481342],[9.54048487,44.7047869],[9.54071164,44.70491562],[9.54100308,44.70506687],[9.54124288,44.70539448],[9.54153654,44.70573697],[9.54165722,44.70596577],[9.54188319,44.70601779],[9.5423675,44.70613006],[9.54271266,44.70627385],[9.54290711,44.70638006],[9.54310551,44.70648621],[9.54356947,44.70667762],[9.54365771,44.70682369],[9.5439126,44.70700266],[9.54409781,44.70723892]]]]},"properties":{"id":"Geositi_catasto_aree:450","name":"Miniera di Vigonzano","kind":"area","source":"Regione Emilia-Romagna","sourceId":"rer-geosites","sourceLayer":"Geositi_catasto_aree","licence":"CC BY 4.0","retrievedAt":"2026-09-30T14:29:58.425806+00:00","sourceUrl":"https://servizigis.regione.emilia-romagna.it/wfs/geositi?service=WFS&version=2.0.0&request=GetFeature&typeNames=portale_geositi%3AGeositi_catasto_aree&outputFormat=GEOJSON&srsName=EPSG%3A4326&bbox=44.45%2C9.15%2C45.2%2C10.15%2CEPSG%3A4326&count=10000","recordUrl":"https://geo.regione.emilia-romagna.it/schede/geositi/scheda.jsp?id=2019","description":"Ex miniera di calcopirite che sfruttava una grande lente mineralizzata a solfuri misti di ferro e rame presente tra serpentiniti, dove le ricerche iniziarono nel 1907, successivamente attiva tra il 1948 al 1970.","municipality":"FARINI (PC)","minerals":"","period":"","historicalStatus":"","positionNote":"Original source geometry; positional accuracy not supplied.","raw":"{\"GmlID\": \"Geositi_catasto_aree.450\", \"OBJECTID\": 450, \"GISID\": 2019.0, \"PROVINCE\": \"Piacenza\", \"COMUNI\": \"FARINI (PC)\", \"LOCALITA\": \"S. Savino, Vigonzano\", \"NOME\": \"Miniera di Vigonzano\", \"SINONIMIE\": \"Miniera di Calcopirite, Cogno\", \"DIDASCALIA\": \"Ex miniera di calcopirite che sfruttava una grande lente mineralizzata a solfuri misti di ferro e rame presente tra serpentiniti, dove le ricerche iniziarono nel 1907, successivamente attiva tra il 1948 al 1970.\", \"DESCRIZIONE\": \"Pubblicabile\", \"VIGENTE\": \"D.G.R. n 1084/2021 (12/07/21)\", \"LISTA_ATTI\": \"D.G.R. n 1084/2021 (12/07/21); D.G.R. n 1302/2016 (01/09/16)\", \"GEOTIPI\": \"Ex miniera, Calcopirite\", \"GESSI_UNESCO\": \"null\", \"TIPO_ELEMENTO\": \"Geosito areale\", \"RILEVANZA\": \"Locale\", \"CATEGORIA\": \"3. Geosito di rilevanza locale (areale)\", \"CONTENUTOIN_REGIONALE\": 0.0, \"SCHEDA\": \"https://geo.regione.emilia-romagna.it/schede/geositi/scheda.jsp?id=2019\", \"FOTO\": \"null\", \"DIDASCALIA_FOTO\": \"null\", \"SHAPE.AREA\": 121611.5948289, \"SHAPE.LEN\": 1548.74568847}","updated":"D.G.R. n 1084/2021 (12/07/21)","gpx":"","geositeId":"2019.0"}},{"type":"Feature","id":"Geositi_catasto_aree:451","geometry":{"type":"MultiPolygon","coordinates":[[[[9.48293143,44.65634445],[9.48317137,44.65673218],[9.48317363,44.65701941],[9.48298613,44.65727356],[9.48244309,44.6574953],[9.48223208,44.65776649],[9.48235224,44.6579857],[9.48206992,44.65822342],[9.48192892,44.6583592],[9.48195382,44.65851119],[9.48219129,44.65859471],[9.48233527,44.65883071],[9.48238519,44.65915157],[9.48233958,44.65937145],[9.48219871,44.65952414],[9.4815108,44.65935826],[9.48082056,44.65888819],[9.48093729,44.65868482],[9.48109827,44.6580925],[9.48128264,44.65746632],[9.48139776,44.65706018],[9.48139547,44.65677287],[9.48139317,44.65648554],[9.48155725,44.65628205],[9.48162734,44.65616345],[9.48165101,44.65616336],[9.48221876,44.65609353],[9.48229023,44.65614398],[9.48293143,44.65634445]]]]},"properties":{"id":"Geositi_catasto_aree:451","name":"Miniere di Ferriere","kind":"area","source":"Regione Emilia-Romagna","sourceId":"rer-geosites","sourceLayer":"Geositi_catasto_aree","licence":"CC BY 4.0","retrievedAt":"2026-09-30T14:29:58.425806+00:00","sourceUrl":"https://servizigis.regione.emilia-romagna.it/wfs/geositi?service=WFS&version=2.0.0&request=GetFeature&typeNames=portale_geositi%3AGeositi_catasto_aree&outputFormat=GEOJSON&srsName=EPSG%3A4326&bbox=44.45%2C9.15%2C45.2%2C10.15%2CEPSG%3A4326&count=10000","recordUrl":"https://geo.regione.emilia-romagna.it/schede/geositi/scheda.jsp?id=2020","description":"Ex miniera di ferro su un lembo di serpenetinite in risalto morfologico tra i T. Grondona e il Canale delle Miniere, nelle immediate adiacenze, in serpentinite che affiora tra depositi di fara, si trova una ex miniera di rame.","municipality":"FERRIERE (PC)","minerals":"","period":"","historicalStatus":"","positionNote":"Original source geometry; positional accuracy not supplied.","raw":"{\"GmlID\": \"Geositi_catasto_aree.451\", \"OBJECTID\": 451, \"GISID\": 2020.0, \"PROVINCE\": \"Piacenza\", \"COMUNI\": \"FERRIERE (PC)\", \"LOCALITA\": \"Pian del Ronco, Pomarolo\", \"NOME\": \"Miniere di Ferriere\", \"SINONIMIE\": \"Miniera di Cerreto\", \"DIDASCALIA\": \"Ex miniera di ferro su un lembo di serpenetinite in risalto morfologico tra i T. Grondona e il Canale delle Miniere, nelle immediate adiacenze, in serpentinite che affiora tra depositi di fara, si trova una ex miniera di rame.\", \"DESCRIZIONE\": \"Pubblicabile\", \"VIGENTE\": \"D.G.R. n 1084/2021 (12/07/21)\", \"LISTA_ATTI\": \"D.G.R. n 1084/2021 (12/07/21); D.G.R. n 1302/2016 (01/09/16)\", \"GEOTIPI\": \"Ex miniera, Magnetite, Calcopirite\", \"GESSI_UNESCO\": \"null\", \"TIPO_ELEMENTO\": \"Geosito areale\", \"RILEVANZA\": \"Locale\", \"CATEGORIA\": \"3. Geosito di rilevanza locale (areale)\", \"CONTENUTOIN_REGIONALE\": 0.0, \"SCHEDA\": \"https://geo.regione.emilia-romagna.it/schede/geositi/scheda.jsp?id=2020\", \"FOTO\": \"null\", \"DIDASCALIA_FOTO\": \"null\", \"SHAPE.AREA\": 38064.78077656, \"SHAPE.LEN\": 978.92621317}","updated":"D.G.R. n 1084/2021 (12/07/21)","gpx":"","geositeId":"2020.0"}},{"type":"Feature","id":"Geositi_catasto_aree:452","geometry":{"type":"MultiPolygon","coordinates":[[[[9.46340483,44.56620496],[9.46374366,44.56620379],[9.46403153,44.56612122],[9.46488511,44.56587363],[9.46581399,44.56553081],[9.46628627,44.56514872],[9.46702522,44.56483357],[9.46780432,44.56479002],[9.46833904,44.5651005],[9.46855028,44.56537138],[9.46916263,44.56588519],[9.46958224,44.56606014],[9.46996414,44.56627596],[9.47021275,44.56646508],[9.47040625,44.56689884],[9.47052285,44.56722427],[9.47069671,44.56757662],[9.47098643,44.56815937],[9.47119831,44.56851158],[9.47125853,44.56891871],[9.47122242,44.56916328],[9.47103658,44.56970718],[9.47081111,44.57004756],[9.47068048,44.57036041],[9.47060667,44.57064586],[9.47056992,44.57080895],[9.47045659,44.57087329],[9.47045639,44.57087731],[9.47025174,44.57144844],[9.4700082,44.5719111],[9.4698201,44.57216986],[9.46949945,44.57249704],[9.4693891,44.57297274],[9.46931527,44.5732582],[9.46916541,44.57354396],[9.46893886,44.57374855],[9.46770826,44.57441882],[9.46702931,44.57512763],[9.46657606,44.57552322],[9.46653585,44.57552982],[9.46651998,44.57564566],[9.46580318,44.57638176],[9.46536745,44.57658718],[9.46436058,44.57669979],[9.46356202,44.57670294],[9.46247857,44.57674794],[9.46175636,44.57679152],[9.46063495,44.57685025],[9.45989441,44.57698894],[9.45919159,44.57708674],[9.4586785,44.57712949],[9.45816541,44.57717223],[9.45763381,44.57728292],[9.4570841,44.5775159],[9.45653526,44.57787107],[9.45625014,44.57788574],[9.455927,44.57790056],[9.45552798,44.57781455],[9.45427164,44.57775753],[9.45307256,44.57762621],[9.45255848,44.57754663],[9.45177752,44.57737297],[9.45015944,44.57714807],[9.4499633,44.577097],[9.44989292,44.57710828],[9.44919008,44.57723286],[9.4486576,44.57723466],[9.44814839,44.57715569],[9.4477992,44.57684394],[9.44762618,44.57655953],[9.44745324,44.57628869],[9.44725952,44.57574654],[9.44703016,44.57557096],[9.4469533,44.57544912],[9.44702647,44.57505507],[9.44696774,44.57483796],[9.44713528,44.5743755],[9.44711437,44.57413109],[9.44716963,44.57389996],[9.44718642,44.57361466],[9.44710856,44.57338404],[9.44718231,44.57308493],[9.44767371,44.57268906],[9.44816545,44.57233389],[9.44852576,44.5721966],[9.44871396,44.57193772],[9.44895994,44.5717737],[9.44899287,44.57175102],[9.44905388,44.57162388],[9.4494695,44.57125537],[9.44988514,44.57088696],[9.44986353,44.57054753],[9.44959444,44.57018196],[9.44955516,44.57001914],[9.44957314,44.56988326],[9.44981949,44.56976002],[9.45006373,44.56936518],[9.45023204,44.56899782],[9.45017139,44.56852273],[9.45024465,44.56815572],[9.45058425,44.56781477],[9.45082973,44.56759642],[9.45092333,44.56740586],[9.45078689,44.56697185],[9.45065157,44.56668723],[9.45068822,44.56651052],[9.45102935,44.56637326],[9.4517502,44.56616647],[9.45249006,44.56595958],[9.4529078,44.56588989],[9.45376374,44.56594054],[9.45439006,44.56580214],[9.45537976,44.56594756],[9.45657827,44.56605141],[9.45781353,44.56599209],[9.45874712,44.56624718],[9.45960332,44.56632608],[9.46049787,44.5664457],[9.46156333,44.56653766],[9.46255095,44.56641194],[9.46340483,44.56620496]]]]},"properties":{"id":"Geositi_catasto_aree:452","name":"La Ciapa Liscia","kind":"area","source":"Regione Emilia-Romagna","sourceId":"rer-geosites","sourceLayer":"Geositi_catasto_aree","licence":"CC BY 4.0","retrievedAt":"2026-09-30T14:29:58.425806+00:00","sourceUrl":"https://servizigis.regione.emilia-romagna.it/wfs/geositi?service=WFS&version=2.0.0&request=GetFeature&typeNames=portale_geositi%3AGeositi_catasto_aree&outputFormat=GEOJSON&srsName=EPSG%3A4326&bbox=44.45%2C9.15%2C45.2%2C10.15%2CEPSG%3A4326&count=10000","recordUrl":"https://geo.regione.emilia-romagna.it/schede/geositi/scheda.jsp?id=2021","description":"Estesa e spettacolare area che comprende rilievi ofiolitici con basalti a cuscino, serpentiniti e Arenarie di Casanova, modellati dal glacialismo a cui si associa verso il fondovalle Aveto l'imponente frana di Torrio. Peculiari sorgenti lungo le pareti.","municipality":"FERRIERE (PC)","minerals":"","period":"","historicalStatus":"","positionNote":"Original source geometry; positional accuracy not supplied.","raw":"{\"GmlID\": \"Geositi_catasto_aree.452\", \"OBJECTID\": 452, \"GISID\": 2021.0, \"PROVINCE\": \"Piacenza\", \"COMUNI\": \"FERRIERE (PC)\", \"LOCALITA\": \"La Ciapa Liscia, La Guardiola, Torrio\", \"NOME\": \"La Ciapa Liscia\", \"SINONIMIE\": \"null\", \"DIDASCALIA\": \"Estesa e spettacolare area che comprende rilievi ofiolitici con basalti a cuscino, serpentiniti e Arenarie di Casanova, modellati dal glacialismo a cui si associa verso il fondovalle Aveto l'imponente frana di Torrio. Peculiari sorgenti lungo le pareti.\", \"DESCRIZIONE\": \"Pubblicabile\", \"VIGENTE\": \"D.G.R. n 1084/2021 (12/07/21)\", \"LISTA_ATTI\": \"D.G.R. n 1084/2021 (12/07/21); D.G.R. n 1302/2016 (01/09/16)\", \"GEOTIPI\": \"Circo glaciale, Forme da erosione selettiva, Frana, Basalto a cuscini, Serpentinite, Sorgente\", \"GESSI_UNESCO\": \"null\", \"TIPO_ELEMENTO\": \"Geosito areale\", \"RILEVANZA\": \"Regionale\", \"CATEGORIA\": \"1. Geosito di rilevanza regionale (areale)\", \"CONTENUTOIN_REGIONALE\": 0.0, \"SCHEDA\": \"https://geo.regione.emilia-romagna.it/schede/geositi/scheda.jsp?id=2021\", \"FOTO\": \"https://geo.regione.emilia-romagna.it/gstatico/documenti/patrimonio_geologico/img/web/2021_Ciapa_Liscia_1.jpg\", \"DIDASCALIA_FOTO\": \"La Ciapa Liscia - Foto Archivio Servizio Geologico\", \"SHAPE.AREA\": 2026924.66628381, \"SHAPE.LEN\": 5750.56884362}","updated":"D.G.R. n 1084/2021 (12/07/21)","gpx":"","geositeId":"2021.0"}},{"type":"Feature","id":"Geositi_catasto_aree:461","geometry":{"type":"MultiPolygon","coordinates":[[[[9.39133257,44.63393822],[9.39126589,44.63389437],[9.39113067,44.63390971],[9.39070233,44.63380956],[9.39027344,44.6336077],[9.38977272,44.63330429],[9.38946201,44.63298326],[9.38881952,44.63281591],[9.38836759,44.63273268],[9.38784267,44.63234467],[9.38762587,44.6318201],[9.38769425,44.63131148],[9.38776159,44.63087076],[9.38773419,44.63046427],[9.38739694,44.62995733],[9.38715361,44.62933152],[9.38698369,44.6289426],[9.38692907,44.62816365],[9.38758633,44.62719496],[9.38779707,44.62671868],[9.38750895,44.62631254],[9.38724741,44.6263137],[9.38696371,44.62655263],[9.3859414,44.62657416],[9.38551134,44.62627048],[9.38555542,44.625761],[9.38600416,44.62531764],[9.38623833,44.62479034],[9.38575899,44.62423226],[9.38528022,44.62375904],[9.38465881,44.62328647],[9.38424942,44.62252436],[9.38403221,44.62204998],[9.38378928,44.62128713],[9.38371495,44.62084608],[9.38373355,44.62008207],[9.38403628,44.61914705],[9.3842724,44.61878257],[9.38424857,44.61873926],[9.38431004,44.61849559],[9.38426379,44.61844162],[9.38416842,44.61766974],[9.38443312,44.61683192],[9.38406267,44.61536943],[9.38390051,44.6146784],[9.38389885,44.61442101],[9.38405227,44.61374469],[9.38436403,44.61314815],[9.38485667,44.6126313],[9.38516737,44.61184179],[9.38574994,44.61124424],[9.38626688,44.61090448],[9.38676175,44.61062919],[9.38741447,44.6103372],[9.38761392,44.60967712],[9.38756633,44.60922705],[9.38783408,44.60867927],[9.38848687,44.60840336],[9.38963616,44.60815767],[9.39114622,44.60795886],[9.39197897,44.6076662],[9.39276464,44.60706822],[9.39327769,44.60621405],[9.39340716,44.60604503],[9.39334342,44.60592439],[9.39358987,44.60569835],[9.39381213,44.60523122],[9.3939884,44.60463565],[9.39425351,44.60395943],[9.39483369,44.60337861],[9.39552655,44.60286177],[9.39622008,44.6024414],[9.39680261,44.60221433],[9.39695543,44.60157077],[9.39699527,44.60083114],[9.39694491,44.6000436],[9.397208,44.59914255],[9.39783141,44.59841731],[9.39870382,44.5978518],[9.40092945,44.59787605],[9.40270474,44.59785371],[9.40297545,44.59804563],[9.4045948,44.59836137],[9.4049804,44.5989868],[9.40507187,44.5992597],[9.404783,44.59972689],[9.40464988,44.59996849],[9.40480868,44.60019298],[9.4051244,44.6003687],[9.40532858,44.60065733],[9.40571113,44.60075243],[9.40615975,44.60065439],[9.40656268,44.60044399],[9.40714542,44.60024902],[9.40757091,44.60005461],[9.40819682,44.59960229],[9.40869125,44.59963268],[9.40930122,44.60012883],[9.41015852,44.60065624],[9.41094843,44.60118389],[9.41180628,44.60179166],[9.41261822,44.6022549],[9.4133384,44.6024452],[9.41379234,44.6031187],[9.41420335,44.60400136],[9.41463431,44.60453021],[9.41482145,44.60551003],[9.41520838,44.60616751],[9.41542183,44.60668453],[9.41544382,44.60670083],[9.4158008,44.6068859],[9.41646659,44.60715443],[9.41715602,44.6074228],[9.4180366,44.60789379],[9.41896719,44.6084169],[9.41916035,44.60884019],[9.4190204,44.60921347],[9.41830926,44.60948647],[9.41771746,44.60972579],[9.41719946,44.61020279],[9.4166109,44.61074799],[9.41604661,44.61136098],[9.41567111,44.61185445],[9.41503261,44.612027],[9.41413372,44.61223471],[9.41408796,44.61245535],[9.41392295,44.61257478],[9.41354538,44.61279676],[9.41312117,44.6131207],[9.41305258,44.61346013],[9.41295993,44.6137488],[9.41291516,44.61410511],[9.41270339,44.61430951],[9.41261086,44.61461516],[9.41266078,44.6149541],[9.41237854,44.61524363],[9.41202622,44.61566913],[9.41183966,44.61607695],[9.41169986,44.61639978],[9.41130077,44.61691031],[9.4110667,44.61730142],[9.41071464,44.61776092],[9.41048196,44.6183386],[9.41046118,44.61872877],[9.41039185,44.61896652],[9.41020342,44.61912004],[9.40989733,44.61939272],[9.40992416,44.61981656],[9.41049389,44.61994963],[9.41146631,44.62006379],[9.41184732,44.62031636],[9.4113542,44.62092911],[9.41128535,44.62123465],[9.4106246,44.62161082],[9.41013209,44.62230838],[9.40994712,44.62293665],[9.40961776,44.62327716],[9.40855333,44.62358679],[9.40815149,44.62374109],[9.40760907,44.62411646],[9.40742534,44.62491434],[9.40652917,44.62552878],[9.4055854,44.62616018],[9.40511553,44.62678952],[9.40407716,44.62757364],[9.40377103,44.62791405],[9.40322948,44.62854379],[9.40299568,44.62907062],[9.40266564,44.62941122],[9.4028101,44.62971605],[9.40312099,44.63005413],[9.40310035,44.63051229],[9.40300708,44.63076715],[9.40248617,44.63098983],[9.40170447,44.63134944],[9.40094911,44.63228545],[9.40014381,44.63278065],[9.39928869,44.63288602],[9.39805293,44.63294211],[9.39710326,44.63313248],[9.39606072,44.63366214],[9.39485025,44.63395512],[9.39373407,44.63411202],[9.39263987,44.63394658],[9.39161754,44.63386556],[9.39156504,44.63385599],[9.39133257,44.63393822]]]]},"properties":{"id":"Geositi_catasto_aree:461","name":"Val d'Aveto","kind":"area","source":"Regione Emilia-Romagna","sourceId":"rer-geosites","sourceLayer":"Geositi_catasto_aree","licence":"CC BY 4.0","retrievedAt":"2026-09-30T14:29:58.425806+00:00","sourceUrl":"https://servizigis.regione.emilia-romagna.it/wfs/geositi?service=WFS&version=2.0.0&request=GetFeature&typeNames=portale_geositi%3AGeositi_catasto_aree&outputFormat=GEOJSON&srsName=EPSG%3A4326&bbox=44.45%2C9.15%2C45.2%2C10.15%2CEPSG%3A4326&count=10000","recordUrl":"https://geo.regione.emilia-romagna.it/schede/geositi/scheda.jsp?id=2022","description":"Tratto vallivo profondamente incassato tra affioramenti di litologie areancee e conglomeratiche riferite alla Formazione della Val D'aveto. Di particolare interesse il membro conglomeratico nel quale sono abbondanti grandi elementi andesitici verdi.","municipality":"CERIGNALE (PC), FERRIERE (PC), OTTONE (PC)","minerals":"","period":"","historicalStatus":"","positionNote":"Original source geometry; positional accuracy not supplied.","raw":"{\"GmlID\": \"Geositi_catasto_aree.461\", \"OBJECTID\": 461, \"GISID\": 2022.0, \"PROVINCE\": \"Piacenza\", \"COMUNI\": \"CERIGNALE (PC), FERRIERE (PC), OTTONE (PC)\", \"LOCALITA\": \"Castagnola, Cattaragna, Rovereto\", \"NOME\": \"Val d'Aveto\", \"SINONIMIE\": \"null\", \"DIDASCALIA\": \"Tratto vallivo profondamente incassato tra affioramenti di litologie areancee e conglomeratiche riferite alla Formazione della Val D'aveto. Di particolare interesse il membro conglomeratico nel quale sono abbondanti grandi elementi andesitici verdi.\", \"DESCRIZIONE\": \"Pubblicabile\", \"VIGENTE\": \"D.G.R. n 1084/2021 (12/07/21)\", \"LISTA_ATTI\": \"D.G.R. n 1084/2021 (12/07/21); D.G.R. n 1302/2016 (01/09/16)\", \"GEOTIPI\": \"Area di riferimento, Successione stratigrafica, Conglomerato, Gola (Canyon)\", \"GESSI_UNESCO\": \"null\", \"TIPO_ELEMENTO\": \"Geosito areale\", \"RILEVANZA\": \"Regionale\", \"CATEGORIA\": \"1. Geosito di rilevanza regionale (areale)\", \"CONTENUTOIN_REGIONALE\": 0.0, \"SCHEDA\": \"https://geo.regione.emilia-romagna.it/schede/geositi/scheda.jsp?id=2022\", \"FOTO\": \"https://geo.regione.emilia-romagna.it/gstatico/documenti/patrimonio_geologico/img/web/2022_Aveto.jpg\", \"DIDASCALIA_FOTO\": \"Val d'Aveto - Foto Archivio Servizio Geologico\", \"SHAPE.AREA\": 6795803.73183915, \"SHAPE.LEN\": 11664.92514434}","updated":"D.G.R. n 1084/2021 (12/07/21)","gpx":"","geositeId":"2022.0"}},{"type":"Feature","id":"Geositi_catasto_aree:462","geometry":{"type":"MultiPolygon","coordinates":[[[[9.37525418,44.62007018],[9.37487293,44.62023501],[9.37456729,44.620272],[9.37423787,44.62056444],[9.37403614,44.62089313],[9.37388522,44.62120355],[9.37386119,44.6214225],[9.37365842,44.62160535],[9.37345531,44.62173345],[9.37317767,44.62215352],[9.3727888,44.62120591],[9.37283399,44.62034862],[9.37226773,44.61958402],[9.37128705,44.61798254],[9.37043897,44.61712851],[9.37010044,44.61620031],[9.37026996,44.61496077],[9.3703113,44.61361234],[9.3706873,44.61268185],[9.37119451,44.61226107],[9.37054579,44.61045935],[9.37008246,44.60956804],[9.37023149,44.60872931],[9.37112193,44.60830704],[9.3728048,44.60830107],[9.37374746,44.60815191],[9.37512475,44.6082932],[9.37655132,44.60814276],[9.37744502,44.60839505],[9.37841427,44.60841008],[9.37915432,44.60840761],[9.37925833,44.6087172],[9.37862129,44.60886514],[9.37760285,44.60917835],[9.37686403,44.60927186],[9.37620197,44.60941981],[9.37579548,44.60967629],[9.37582403,44.61020478],[9.37626156,44.61087781],[9.37623767,44.61115129],[9.37593433,44.61157151],[9.37580927,44.61191824],[9.37583726,44.61226451],[9.37599186,44.61248282],[9.37630038,44.61282836],[9.37653108,44.61299181],[9.37691401,44.61304548],[9.37747584,44.61315339],[9.37803754,44.61324308],[9.37836957,44.61329685],[9.3788554,44.61345962],[9.37911275,44.61378722],[9.37875956,44.61437191],[9.37881332,44.61477304],[9.37868986,44.61537532],[9.37914918,44.61539229],[9.3795831,44.61542758],[9.37994222,44.61571846],[9.37994492,44.6161198],[9.38015097,44.61641111],[9.38109771,44.61682808],[9.3813554,44.61721048],[9.3821234,44.61757297],[9.38250736,44.61768073],[9.38288985,44.61756959],[9.38294267,44.61782476],[9.3829961,44.61817115],[9.38256228,44.61824603],[9.38169491,44.61837709],[9.38108522,44.61876187],[9.38050154,44.61921954],[9.37999278,44.61943984],[9.37930202,44.61914984],[9.37899551,44.61909595],[9.378487,44.61935271],[9.37803,44.61968231],[9.37759944,44.62010268],[9.37737285,44.62052264],[9.37701636,44.62057797],[9.37637754,44.62034191],[9.37596703,44.61994128],[9.37560969,44.61986891],[9.37525418,44.62007018]]]]},"properties":{"id":"Geositi_catasto_aree:462","name":"Monte Veri","kind":"area","source":"Regione Emilia-Romagna","sourceId":"rer-geosites","sourceLayer":"Geositi_catasto_aree","licence":"CC BY 4.0","retrievedAt":"2026-09-30T14:29:58.425806+00:00","sourceUrl":"https://servizigis.regione.emilia-romagna.it/wfs/geositi?service=WFS&version=2.0.0&request=GetFeature&typeNames=portale_geositi%3AGeositi_catasto_aree&outputFormat=GEOJSON&srsName=EPSG%3A4326&bbox=44.45%2C9.15%2C45.2%2C10.15%2CEPSG%3A4326&count=10000","recordUrl":"https://geo.regione.emilia-romagna.it/schede/geositi/scheda.jsp?id=2023","description":"Area di riferimento del Complesso di Monte Veri, in affioramento tra le Argille a Palombini. Si tratta di una unità litostratigrafica caotica dei complessi di base interpretata come deposito frana sottomarina che coinvolse le Argille a Palombini stesse.","municipality":"CERIGNALE (PC), OTTONE (PC)","minerals":"","period":"","historicalStatus":"","positionNote":"Original source geometry; positional accuracy not supplied.","raw":"{\"GmlID\": \"Geositi_catasto_aree.462\", \"OBJECTID\": 462, \"GISID\": 2023.0, \"PROVINCE\": \"Piacenza\", \"COMUNI\": \"CERIGNALE (PC), OTTONE (PC)\", \"LOCALITA\": \"MONTE VERI, Monte Serra, Orezzoli\", \"NOME\": \"Monte Veri\", \"SINONIMIE\": \"null\", \"DIDASCALIA\": \"Area di riferimento del Complesso di Monte Veri, in affioramento tra le Argille a Palombini. Si tratta di una unità litostratigrafica caotica dei complessi di base interpretata come deposito frana sottomarina che coinvolse le Argille a Palombini stesse.\", \"DESCRIZIONE\": \"Pubblicabile\", \"VIGENTE\": \"D.G.R. n 1084/2021 (12/07/21)\", \"LISTA_ATTI\": \"D.G.R. n 1084/2021 (12/07/21); D.G.R. n 1302/2016 (01/09/16)\", \"GEOTIPI\": \"Area di riferimento\", \"GESSI_UNESCO\": \"null\", \"TIPO_ELEMENTO\": \"Geosito areale\", \"RILEVANZA\": \"Locale\", \"CATEGORIA\": \"3. Geosito di rilevanza locale (areale)\", \"CONTENUTOIN_REGIONALE\": 0.0, \"SCHEDA\": \"https://geo.regione.emilia-romagna.it/schede/geositi/scheda.jsp?id=2023\", \"FOTO\": \"https://geo.regione.emilia-romagna.it/gstatico/documenti/patrimonio_geologico/img/web/2023_MonteVeri.jpg\", \"DIDASCALIA_FOTO\": \"Monte Veri - Foto Archivio Servizio Geologico\", \"SHAPE.AREA\": 839383.67747271, \"SHAPE.LEN\": 5093.67286435}","updated":"D.G.R. n 1084/2021 (12/07/21)","gpx":"","geositeId":"2023.0"}},{"type":"Feature","id":"Geositi_catasto_aree:463","geometry":{"type":"MultiPolygon","coordinates":[[[[9.26303746,44.6587684],[9.26349111,44.65893373],[9.26383446,44.6590112],[9.26409607,44.65916723],[9.26422107,44.65939216],[9.26452417,44.65959704],[9.26490815,44.65960585],[9.2652652,44.65968328],[9.26547212,44.65985903],[9.26570625,44.66000532],[9.26602306,44.66021016],[9.26610698,44.66044498],[9.26620448,44.66066017],[9.26646645,44.66086515],[9.26660502,44.66107044],[9.26659358,44.66139363],[9.26647389,44.66192276],[9.26651592,44.66204996],[9.26662701,44.66224552],[9.26691578,44.66236229],[9.26738247,44.66242964],[9.26775311,44.66248744],[9.26798676,44.66256518],[9.26819293,44.66263321],[9.26833061,44.66271119],[9.26833165,44.66285808],[9.26844287,44.66307323],[9.26863546,44.66316087],[9.26895139,44.66323839],[9.26914457,44.66346294],[9.26924163,44.66373647],[9.2694893,44.66395094],[9.26944917,44.66420526],[9.26953228,44.66442016],[9.26971069,44.6644588],[9.27008112,44.66450673],[9.27047957,44.66471102],[9.27086533,44.66516955],[9.27120974,44.66557931],[9.2713754,44.66586242],[9.2715275,44.66618468],[9.2717073,44.6665753],[9.27198337,44.66704389],[9.27253381,44.66763866],[9.27278143,44.66795068],[9.27287788,44.66812629],[9.2732919,44.66915113],[9.27375982,44.66982407],[9.27442028,44.67071144],[9.27416518,44.67229527],[9.2737432,44.6730197],[9.27259477,44.67365824],[9.27162533,44.67441363],[9.27024164,44.67442733],[9.2705622,44.6727255],[9.26965155,44.67147675],[9.26937615,44.6710866],[9.26894496,44.66887941],[9.26700944,44.66806371],[9.26587123,44.66797876],[9.26537007,44.66601499],[9.26450261,44.66509808],[9.26400503,44.66411174],[9.2635427,44.66238071],[9.2633168,44.66145096],[9.26251453,44.66045412],[9.26239648,44.65925968],[9.26263907,44.65866167],[9.26303746,44.6587684]]]]},"properties":{"id":"Geositi_catasto_aree:463","name":"Vesima","kind":"area","source":"Regione Emilia-Romagna","sourceId":"rer-geosites","sourceLayer":"Geositi_catasto_aree","licence":"CC BY 4.0","retrievedAt":"2026-09-30T14:29:58.425806+00:00","sourceUrl":"https://servizigis.regione.emilia-romagna.it/wfs/geositi?service=WFS&version=2.0.0&request=GetFeature&typeNames=portale_geositi%3AGeositi_catasto_aree&outputFormat=GEOJSON&srsName=EPSG%3A4326&bbox=44.45%2C9.15%2C45.2%2C10.15%2CEPSG%3A4326&count=10000","recordUrl":"https://geo.regione.emilia-romagna.it/schede/geositi/scheda.jsp?id=2024","description":"Esteso affioramento di Flysch di Monte Antola lungo il versante sinistro della Val Boreca, dove le testate degli strati sono in evidenza per erosione selettiva. Importante nel contesto densamente boscato di tutta la zona di affioramento dell'Antola.","municipality":"ZERBA (PC)","minerals":"","period":"","historicalStatus":"","positionNote":"Original source geometry; positional accuracy not supplied.","raw":"{\"GmlID\": \"Geositi_catasto_aree.463\", \"OBJECTID\": 463, \"GISID\": 2024.0, \"PROVINCE\": \"Piacenza\", \"COMUNI\": \"ZERBA (PC)\", \"LOCALITA\": \"Vesimo, Zerba\", \"NOME\": \"Vesima\", \"SINONIMIE\": \"Fosso delle Rive\", \"DIDASCALIA\": \"Esteso affioramento di Flysch di Monte Antola lungo il versante sinistro della Val Boreca, dove le testate degli strati sono in evidenza per erosione selettiva. Importante nel contesto densamente boscato di tutta la zona di affioramento dell'Antola.\", \"DESCRIZIONE\": \"Pubblicabile\", \"VIGENTE\": \"D.G.R. n 1084/2021 (12/07/21)\", \"LISTA_ATTI\": \"D.G.R. n 1084/2021 (12/07/21); D.G.R. n 1302/2016 (01/09/16)\", \"GEOTIPI\": \"Successione stratigrafica\", \"GESSI_UNESCO\": \"null\", \"TIPO_ELEMENTO\": \"Geosito areale\", \"RILEVANZA\": \"Locale\", \"CATEGORIA\": \"3. Geosito di rilevanza locale (areale)\", \"CONTENUTOIN_REGIONALE\": 0.0, \"SCHEDA\": \"https://geo.regione.emilia-romagna.it/schede/geositi/scheda.jsp?id=2024\", \"FOTO\": \"https://geo.regione.emilia-romagna.it/gstatico/documenti/patrimonio_geologico/img/web/2024_Vesima.jpg\", \"DIDASCALIA_FOTO\": \"Vesima - Foto Archivio Servizio Geologico\", \"SHAPE.AREA\": 609409.55844422, \"SHAPE.LEN\": 4383.10209143}","updated":"D.G.R. n 1084/2021 (12/07/21)","gpx":"","geositeId":"2024.0"}},{"type":"Feature","id":"Geositi_catasto_aree:465","geometry":{"type":"MultiPolygon","coordinates":[[[[9.49004282,44.84998269],[9.49013921,44.85014813],[9.4902785,44.85038877],[9.49028086,44.85066747],[9.49045289,44.8510361],[9.490318,44.85131517],[9.49004564,44.85156458],[9.48969939,44.85181418],[9.48939621,44.85216163],[9.48909167,44.85235083],[9.48864994,44.85254793],[9.48819577,44.8525265],[9.48783524,44.85234657],[9.48758011,44.85214376],[9.48761974,44.85184222],[9.48775374,44.85146505],[9.48794122,44.8511558],[9.48845593,44.85083823],[9.4886423,44.85039351],[9.48881847,44.84999394],[9.48917666,44.84991002],[9.48964089,44.84988601],[9.48984137,44.84987785],[9.49004282,44.84998269]]]]},"properties":{"id":"Geositi_catasto_aree:465","name":"Pietra Perduca","kind":"area","source":"Regione Emilia-Romagna","sourceId":"rer-geosites","sourceLayer":"Geositi_catasto_aree","licence":"CC BY 4.0","retrievedAt":"2026-09-30T14:29:58.425806+00:00","sourceUrl":"https://servizigis.regione.emilia-romagna.it/wfs/geositi?service=WFS&version=2.0.0&request=GetFeature&typeNames=portale_geositi%3AGeositi_catasto_aree&outputFormat=GEOJSON&srsName=EPSG%3A4326&bbox=44.45%2C9.15%2C45.2%2C10.15%2CEPSG%3A4326&count=10000","recordUrl":"https://geo.regione.emilia-romagna.it/schede/geositi/scheda.jsp?id=2074","description":"Rupe formata da brecce ofiolitiche in forte risalto morfologico lungo il versante destro del T. Dorba, il profilo è mosso da una sella nella quale si trova un antico Oratorio e alcune antiche vasche per la raccolta delle acque piovane.","municipality":"TRAVO (PC)","minerals":"","period":"","historicalStatus":"","positionNote":"Original source geometry; positional accuracy not supplied.","raw":"{\"GmlID\": \"Geositi_catasto_aree.465\", \"OBJECTID\": 465, \"GISID\": 2074.0, \"PROVINCE\": \"Piacenza\", \"COMUNI\": \"TRAVO (PC)\", \"LOCALITA\": \"Monta, Oratorio di Perduca\", \"NOME\": \"Pietra Perduca\", \"SINONIMIE\": \"Oratorio di Perduca\", \"DIDASCALIA\": \"Rupe formata da brecce ofiolitiche in forte risalto morfologico lungo il versante destro del T. Dorba, il profilo è mosso da una sella nella quale si trova un antico Oratorio e alcune antiche vasche per la raccolta delle acque piovane.\", \"DESCRIZIONE\": \"Pubblicabile\", \"VIGENTE\": \"D.G.R. n 1084/2021 (12/07/21)\", \"LISTA_ATTI\": \"D.G.R. n 1084/2021 (12/07/21); D.G.R. n 1302/2016 (01/09/16)\", \"GEOTIPI\": \"Rupe\", \"GESSI_UNESCO\": \"null\", \"TIPO_ELEMENTO\": \"Geosito areale\", \"RILEVANZA\": \"Locale\", \"CATEGORIA\": \"3. Geosito di rilevanza locale (areale)\", \"CONTENUTOIN_REGIONALE\": 0.0, \"SCHEDA\": \"https://geo.regione.emilia-romagna.it/schede/geositi/scheda.jsp?id=2074\", \"FOTO\": \"https://geo.regione.emilia-romagna.it/gstatico/documenti/patrimonio_geologico/img/web/2074_PietraPerduca.jpg\", \"DIDASCALIA_FOTO\": \"La Pietra Perduca e l'antico Oratorio. Sulla sommità della Pietra si intravede il profilo di una vasca di raccotla delle acque\", \"SHAPE.AREA\": 42253.38357023, \"SHAPE.LEN\": 817.66810121}","updated":"D.G.R. n 1084/2021 (12/07/21)","gpx":"","geositeId":"2074.0"}},{"type":"Feature","id":"Geositi_catasto_aree:471","geometry":{"type":"MultiPolygon","coordinates":[[[[9.28465635,44.68073956],[9.2849107,44.68115481],[9.28506904,44.68130051],[9.28516431,44.68143514],[9.28582707,44.68162429],[9.28590733,44.68189389],[9.28623966,44.6821515],[9.28715615,44.68262097],[9.28720622,44.68314925],[9.28779051,44.68339483],[9.2888003,44.68365037],[9.28916461,44.68399781],[9.28935611,44.68443572],[9.28913813,44.68490862],[9.28952033,44.68563829],[9.28997951,44.68604166],[9.29025168,44.68681664],[9.29087122,44.68772545],[9.29038276,44.68772695],[9.28987614,44.68729002],[9.28873824,44.68667508],[9.28728276,44.68561136],[9.28652405,44.68517516],[9.28559247,44.68481818],[9.28355541,44.68399228],[9.28067772,44.68212319],[9.27996372,44.68119209],[9.28012741,44.67940387],[9.28210832,44.67847616],[9.28352168,44.67726927],[9.28580577,44.67679064],[9.28785682,44.67711074],[9.29115635,44.67831503],[9.29451906,44.67938426],[9.29702966,44.68017498],[9.2976157,44.68095994],[9.29720596,44.68103981],[9.29698428,44.6807595],[9.296543,44.68083946],[9.29611786,44.68102053],[9.29567666,44.68111173],[9.29490338,44.68094541],[9.29442977,44.68080068],[9.29320015,44.68086049],[9.29219036,44.6806836],[9.29143398,44.68077574],[9.29059821,44.68074446],[9.28949404,44.68061279],[9.28731859,44.68056299],[9.28638888,44.6806107],[9.28571162,44.68068017],[9.28534846,44.6805351],[9.28465635,44.68073956]]]]},"properties":{"id":"Geositi_catasto_aree:471","name":"Valle dell'Inferno","kind":"area","source":"Regione Emilia-Romagna","sourceId":"rer-geosites","sourceLayer":"Geositi_catasto_aree","licence":"CC BY 4.0","retrievedAt":"2026-09-30T14:29:58.425806+00:00","sourceUrl":"https://servizigis.regione.emilia-romagna.it/wfs/geositi?service=WFS&version=2.0.0&request=GetFeature&typeNames=portale_geositi%3AGeositi_catasto_aree&outputFormat=GEOJSON&srsName=EPSG%3A4326&bbox=44.45%2C9.15%2C45.2%2C10.15%2CEPSG%3A4326&count=10000","recordUrl":"https://geo.regione.emilia-romagna.it/schede/geositi/scheda.jsp?id=2025","description":"Bacino imbrifero profondamente inciso nel Flysch dell'Antola, lungo i fianchi vallivi si osservano interessanti affioramenti di questa unità geologica. Il sito è compreso nella regione Emilia-Romagna solo alla testata del bacino.","municipality":"ZERBA (PC)","minerals":"","period":"","historicalStatus":"","positionNote":"Original source geometry; positional accuracy not supplied.","raw":"{\"GmlID\": \"Geositi_catasto_aree.471\", \"OBJECTID\": 471, \"GISID\": 2025.0, \"PROVINCE\": \"Piacenza\", \"COMUNI\": \"ZERBA (PC)\", \"LOCALITA\": \"MONTE LESIMINA\", \"NOME\": \"Valle dell'Inferno\", \"SINONIMIE\": \"null\", \"DIDASCALIA\": \"Bacino imbrifero profondamente inciso nel Flysch dell'Antola, lungo i fianchi vallivi si osservano interessanti affioramenti di questa unità geologica. Il sito è compreso nella regione Emilia-Romagna solo alla testata del bacino.\", \"DESCRIZIONE\": \"Pubblicabile\", \"VIGENTE\": \"D.G.R. n 1084/2021 (12/07/21)\", \"LISTA_ATTI\": \"D.G.R. n 1084/2021 (12/07/21); D.G.R. n 1302/2016 (01/09/16)\", \"GEOTIPI\": \"Successione stratigrafica\", \"GESSI_UNESCO\": \"null\", \"TIPO_ELEMENTO\": \"Geosito areale\", \"RILEVANZA\": \"Locale\", \"CATEGORIA\": \"3. Geosito di rilevanza locale (areale)\", \"CONTENUTOIN_REGIONALE\": 0.0, \"SCHEDA\": \"https://geo.regione.emilia-romagna.it/schede/geositi/scheda.jsp?id=2025\", \"FOTO\": \"https://geo.regione.emilia-romagna.it/gstatico/documenti/patrimonio_geologico/img/web/2025_ValleInferno.jpg\", \"DIDASCALIA_FOTO\": \"Valle dell'Inferno - Foto Archivio Servizio Geologico\", \"SHAPE.AREA\": 609809.76220336, \"SHAPE.LEN\": 5046.50324507}","updated":"D.G.R. n 1084/2021 (12/07/21)","gpx":"","geositeId":"2025.0"}},{"type":"Feature","id":"Geositi_catasto_aree:472","geometry":{"type":"MultiPolygon","coordinates":[[[[9.41802507,44.79818323],[9.41739366,44.798442],[9.41641741,44.79839651],[9.41545789,44.79830211],[9.41451417,44.79803666],[9.41315988,44.79812547],[9.41190723,44.79821331],[9.41121997,44.79812919],[9.41043593,44.7976122],[9.40993625,44.79728382],[9.4093486,44.79668679],[9.40870948,44.79607723],[9.40831053,44.79535725],[9.40758695,44.79505265],[9.40779102,44.79471102],[9.40856217,44.79441769],[9.40897466,44.79445398],[9.40947196,44.79433157],[9.41008864,44.7941113],[9.41054005,44.79374981],[9.41100162,44.79361406],[9.41156622,44.79351457],[9.41187357,44.79337926],[9.41253739,44.7928275],[9.41280731,44.79230139],[9.41326613,44.7918478],[9.41391241,44.79129565],[9.41423542,44.79101342],[9.41417138,44.79050664],[9.41439047,44.79007819],[9.41419807,44.789578],[9.41417777,44.78918711],[9.41461983,44.78880668],[9.41538836,44.78857161],[9.41583329,44.78854547],[9.41641371,44.78833554],[9.41723578,44.78836904],[9.41819358,44.78824331],[9.41877639,44.78832705],[9.41941055,44.78841062],[9.41973612,44.78844627],[9.42030946,44.78841397],[9.42082447,44.78860783],[9.42154614,44.78899646],[9.42219858,44.78923882],[9.42262961,44.7895676],[9.42319802,44.78992047],[9.4242496,44.79073629],[9.42506117,44.79158926],[9.42537575,44.7925167],[9.42467597,44.793007],[9.42441135,44.79317256],[9.42422564,44.79360054],[9.42388756,44.79429766],[9.42358205,44.794726],[9.42341282,44.79503183],[9.42298772,44.79547275],[9.42266387,44.79568134],[9.42228761,44.7957557],[9.42158339,44.7953914],[9.42124073,44.79528263],[9.4204557,44.79543194],[9.41994298,44.7954337],[9.41966318,44.79570957],[9.41926012,44.79660288],[9.4187721,44.79755757],[9.41802507,44.79818323]]]]},"properties":{"id":"Geositi_catasto_aree:472","name":"Orrido di Barberino","kind":"area","source":"Regione Emilia-Romagna","sourceId":"rer-geosites","sourceLayer":"Geositi_catasto_aree","licence":"CC BY 4.0","retrievedAt":"2026-09-30T14:29:58.425806+00:00","sourceUrl":"https://servizigis.regione.emilia-romagna.it/wfs/geositi?service=WFS&version=2.0.0&request=GetFeature&typeNames=portale_geositi%3AGeositi_catasto_aree&outputFormat=GEOJSON&srsName=EPSG%3A4326&bbox=44.45%2C9.15%2C45.2%2C10.15%2CEPSG%3A4326&count=10000","recordUrl":"https://geo.regione.emilia-romagna.it/schede/geositi/scheda.jsp?id=2026","description":"Tratto del F. Trebbia profondamente incassato tra serpentiniti. Lungo l'affioramento in sponda sinistra interessanti contatti tra serpentiniti, brecce policeniche e Arenarie di Casanova, tra cui si apre la Grotta di San Colombano.","municipality":"BOBBIO (PC), COLI (PC)","minerals":"","period":"","historicalStatus":"","positionNote":"Original source geometry; positional accuracy not supplied.","raw":"{\"GmlID\": \"Geositi_catasto_aree.472\", \"OBJECTID\": 472, \"GISID\": 2026.0, \"PROVINCE\": \"Piacenza\", \"COMUNI\": \"BOBBIO (PC), COLI (PC)\", \"LOCALITA\": \"MONTE BARBERINO, PASSO BARBERINO\", \"NOME\": \"Orrido di Barberino\", \"SINONIMIE\": \"Monte Barberino\", \"DIDASCALIA\": \"Tratto del F. Trebbia profondamente incassato tra serpentiniti. Lungo l'affioramento in sponda sinistra interessanti contatti tra serpentiniti, brecce policeniche e Arenarie di Casanova, tra cui si apre la Grotta di San Colombano.\", \"DESCRIZIONE\": \"Pubblicabile\", \"VIGENTE\": \"D.G.R. n 1084/2021 (12/07/21)\", \"LISTA_ATTI\": \"D.G.R. n 1084/2021 (12/07/21); D.G.R. n 1302/2016 (01/09/16)\", \"GEOTIPI\": \"Gola (Canyon), Serpentinite\", \"GESSI_UNESCO\": \"null\", \"TIPO_ELEMENTO\": \"Geosito areale\", \"RILEVANZA\": \"Locale\", \"CATEGORIA\": \"3. Geosito di rilevanza locale (areale)\", \"CONTENUTOIN_REGIONALE\": 0.0, \"SCHEDA\": \"https://geo.regione.emilia-romagna.it/schede/geositi/scheda.jsp?id=2026\", \"FOTO\": \"null\", \"DIDASCALIA_FOTO\": \"null\", \"SHAPE.AREA\": 936628.04617892, \"SHAPE.LEN\": 4101.16939907}","updated":"D.G.R. n 1084/2021 (12/07/21)","gpx":"","geositeId":"2026.0"}},{"type":"Feature","id":"Geositi_catasto_aree:473","geometry":{"type":"MultiPolygon","coordinates":[[[[9.46552597,44.75562612],[9.4646707,44.75603945],[9.4619314,44.75665489],[9.46056765,44.75660899],[9.46013046,44.75620007],[9.45938225,44.75564696],[9.45800987,44.75454084],[9.45699014,44.75320793],[9.4565911,44.75201113],[9.45673803,44.75047132],[9.45619924,44.74949012],[9.45586807,44.74901874],[9.45492128,44.74791344],[9.45422339,44.74694565],[9.45366969,44.74630509],[9.45285847,44.74554599],[9.45237398,44.74470327],[9.45300053,44.74337575],[9.45355954,44.74245225],[9.45421356,44.74124444],[9.45589382,44.7411478],[9.45712728,44.74049838],[9.45767088,44.73873627],[9.45888085,44.73729266],[9.46005613,44.73597519],[9.46228268,44.7356737],[9.46470543,44.73557295],[9.46711746,44.7352264],[9.47003813,44.73537581],[9.47129618,44.73547187],[9.47325826,44.73611446],[9.47634747,44.73683478],[9.47898422,44.73845343],[9.47855502,44.74009682],[9.47767566,44.74090851],[9.47780111,44.74107219],[9.47743181,44.74141461],[9.47725606,44.7415921],[9.47731084,44.74178131],[9.47772899,44.7419754],[9.47817337,44.74212519],[9.4786547,44.74245162],[9.47879928,44.74277939],[9.47908618,44.74316973],[9.47983543,44.74373503],[9.48079246,44.74371859],[9.48179965,44.74334836],[9.48270545,44.74362261],[9.48340024,44.74411238],[9.48405901,44.74453916],[9.48458321,44.7458505],[9.4838847,44.7470277],[9.48334105,44.74764863],[9.48284947,44.74813042],[9.48245156,44.74816354],[9.48242571,44.7493002],[9.48301556,44.75003039],[9.4825795,44.75076452],[9.48173613,44.75150024],[9.48096064,44.75203372],[9.47989247,44.75254942],[9.47919076,44.75342356],[9.47807873,44.75399624],[9.47623889,44.75440747],[9.47335652,44.75511287],[9.47273958,44.75544335],[9.47112321,44.75588465],[9.46968767,44.75572547],[9.46702869,44.75535579],[9.46552597,44.75562612]]]]},"properties":{"id":"Geositi_catasto_aree:473","name":"Costa Monte Capra","kind":"area","source":"Regione Emilia-Romagna","sourceId":"rer-geosites","sourceLayer":"Geositi_catasto_aree","licence":"CC BY 4.0","retrievedAt":"2026-09-30T14:29:58.425806+00:00","sourceUrl":"https://servizigis.regione.emilia-romagna.it/wfs/geositi?service=WFS&version=2.0.0&request=GetFeature&typeNames=portale_geositi%3AGeositi_catasto_aree&outputFormat=GEOJSON&srsName=EPSG%3A4326&bbox=44.45%2C9.15%2C45.2%2C10.15%2CEPSG%3A4326&count=10000","recordUrl":"https://geo.regione.emilia-romagna.it/schede/geositi/scheda.jsp?id=2027","description":"Area interessata da morfologie da DGPV su litologie ofiolitiche, con presenza di contropendenze, sdoppiamenti di cresta,aree sub pianeggianti e ex bacini lacustri. Tra le ofioliti lembi di granuliti basiche e graniti.","municipality":"COLI (PC), FARINI (PC)","minerals":"","period":"","historicalStatus":"","positionNote":"Original source geometry; positional accuracy not supplied.","raw":"{\"GmlID\": \"Geositi_catasto_aree.473\", \"OBJECTID\": 473, \"GISID\": 2027.0, \"PROVINCE\": \"Piacenza\", \"COMUNI\": \"COLI (PC), FARINI (PC)\", \"LOCALITA\": \"COSTA MONTE CAPRA, Fra i Rivi\", \"NOME\": \"Costa Monte Capra\", \"SINONIMIE\": \"Piani d'Aglio\", \"DIDASCALIA\": \"Area interessata da morfologie da DGPV su litologie ofiolitiche, con presenza di contropendenze, sdoppiamenti di cresta,aree sub pianeggianti e ex bacini lacustri. Tra le ofioliti lembi di granuliti basiche e graniti.\", \"DESCRIZIONE\": \"Pubblicabile\", \"VIGENTE\": \"D.G.R. n 1084/2021 (12/07/21)\", \"LISTA_ATTI\": \"D.G.R. n 1084/2021 (12/07/21); D.G.R. n 1302/2016 (01/09/16)\", \"GEOTIPI\": \"Deformazioni gravitative profonde di versante, Torbiera, Granito\", \"GESSI_UNESCO\": \"null\", \"TIPO_ELEMENTO\": \"Geosito areale\", \"RILEVANZA\": \"Locale\", \"CATEGORIA\": \"3. Geosito di rilevanza locale (areale)\", \"CONTENUTOIN_REGIONALE\": 0.0, \"SCHEDA\": \"https://geo.regione.emilia-romagna.it/schede/geositi/scheda.jsp?id=2027\", \"FOTO\": \"null\", \"DIDASCALIA_FOTO\": \"null\", \"SHAPE.AREA\": 4236845.08131239, \"SHAPE.LEN\": 8208.59484972}","updated":"D.G.R. n 1084/2021 (12/07/21)","gpx":"","geositeId":"2027.0"}},{"type":"Feature","id":"Geositi_catasto_aree:481","geometry":{"type":"MultiPolygon","coordinates":[[[[9.90381259,44.81789302],[9.90214673,44.81816551],[9.90080963,44.81802984],[9.89955778,44.81760378],[9.89851371,44.81740171],[9.89675123,44.81755812],[9.89638968,44.81759265],[9.89569332,44.81790286],[9.89503589,44.81784281],[9.89394735,44.81772122],[9.89285896,44.81761606],[9.89228902,44.81737852],[9.89115138,44.81703206],[9.89006256,44.81689443],[9.88893291,44.81706399],[9.88863375,44.81679252],[9.88815016,44.81634534],[9.8874891,44.81612496],[9.88696325,44.81587137],[9.88654701,44.81542377],[9.88661129,44.81521414],[9.88667848,44.8151654],[9.88692622,44.81506704],[9.88724279,44.81501637],[9.88762766,44.81498124],[9.88798932,44.81491413],[9.88837263,44.81478252],[9.88909529,44.81460003],[9.88966187,44.81457952],[9.89045427,44.81455788],[9.89093043,44.81461919],[9.89127112,44.81469743],[9.89158657,44.81461503],[9.89201539,44.81454797],[9.89251261,44.81451264],[9.89285039,44.81441399],[9.89330071,44.81428244],[9.89384611,44.81442373],[9.8941664,44.81463078],[9.89457399,44.81464428],[9.89486406,44.81440116],[9.89538232,44.81426919],[9.89581223,44.81426645],[9.89637958,44.81435934],[9.89687711,44.81434008],[9.89760341,44.81446413],[9.89837309,44.8145071],[9.89860185,44.81466627],[9.89937556,44.81496627],[9.89998749,44.81505834],[9.90035752,44.81552237],[9.90128867,44.81575709],[9.90217215,44.81586316],[9.90239492,44.81570013],[9.90362543,44.81631679],[9.90472505,44.81717631],[9.90381259,44.81789302]]]]},"properties":{"id":"Geositi_catasto_aree:481","name":"Vigoleno","kind":"area","source":"Regione Emilia-Romagna","sourceId":"rer-geosites","sourceLayer":"Geositi_catasto_aree","licence":"CC BY 4.0","retrievedAt":"2026-09-30T14:29:58.425806+00:00","sourceUrl":"https://servizigis.regione.emilia-romagna.it/wfs/geositi?service=WFS&version=2.0.0&request=GetFeature&typeNames=portale_geositi%3AGeositi_catasto_aree&outputFormat=GEOJSON&srsName=EPSG%3A4326&bbox=44.45%2C9.15%2C45.2%2C10.15%2CEPSG%3A4326&count=10000","recordUrl":"https://geo.regione.emilia-romagna.it/schede/geositi/scheda.jsp?id=2028","description":"Area di riferimento del Membro di Vigoleno della Formazione del Termina, tra cui affiora una litofacies calcarenitica ricchissima in macrofossili. In risalto morfologico lungo il crinale tra Stirone e Ongina.","municipality":"VERNASCA (PC)","minerals":"","period":"","historicalStatus":"","positionNote":"Original source geometry; positional accuracy not supplied.","raw":"{\"GmlID\": \"Geositi_catasto_aree.481\", \"OBJECTID\": 481, \"GISID\": 2028.0, \"PROVINCE\": \"Piacenza\", \"COMUNI\": \"VERNASCA (PC)\", \"LOCALITA\": \"M. S. STEFANO, Vigoleno\", \"NOME\": \"Vigoleno\", \"SINONIMIE\": \"Dorsale di Vigoleno, Monte S. Stefano e Poggio San Giovanni\", \"DIDASCALIA\": \"Area di riferimento del Membro di Vigoleno della Formazione del Termina, tra cui affiora una litofacies calcarenitica ricchissima in macrofossili. In risalto morfologico lungo il crinale tra Stirone e Ongina.\", \"DESCRIZIONE\": \"Pubblicabile\", \"VIGENTE\": \"D.G.R. n 1084/2021 (12/07/21)\", \"LISTA_ATTI\": \"D.G.R. n 1084/2021 (12/07/21); D.G.R. n 1302/2016 (01/09/16)\", \"GEOTIPI\": \"Area di riferimento, Coralli, Molluschi bivalvi, Molluschi gasteropodi, Dorsale\", \"GESSI_UNESCO\": \"null\", \"TIPO_ELEMENTO\": \"Geosito areale\", \"RILEVANZA\": \"Locale\", \"CATEGORIA\": \"3. Geosito di rilevanza locale (areale)\", \"CONTENUTOIN_REGIONALE\": 0.0, \"SCHEDA\": \"https://geo.regione.emilia-romagna.it/schede/geositi/scheda.jsp?id=2028\", \"FOTO\": \"null\", \"DIDASCALIA_FOTO\": \"null\", \"SHAPE.AREA\": 390941.67764185, \"SHAPE.LEN\": 3235.91421347}","updated":"D.G.R. n 1084/2021 (12/07/21)","gpx":"","geositeId":"2028.0"}},{"type":"Feature","id":"Geositi_catasto_aree:482","geometry":{"type":"MultiPolygon","coordinates":[[[[9.57900277,44.91878111],[9.57900295,44.91878115],[9.57913715,44.91884671],[9.57972888,44.91917135],[9.58145711,44.91970027],[9.58196534,44.9201148],[9.58255385,44.92090652],[9.58255601,44.92094322],[9.58253035,44.92107711],[9.58242912,44.9217644],[9.58262045,44.92502636],[9.58265192,44.92557913],[9.58287451,44.92641778],[9.58301138,44.92666565],[9.58382765,44.92771169],[9.58540183,44.92946134],[9.58569997,44.92980346],[9.58653976,44.93056296],[9.58689188,44.93082892],[9.58746106,44.93138009],[9.58748667,44.93141305],[9.58797853,44.932046],[9.58991826,44.93511258],[9.59024589,44.93556948],[9.59092555,44.93627287],[9.59112704,44.93749476],[9.59099693,44.93791553],[9.59094567,44.93795246],[9.59089039,44.93821576],[9.59074629,44.93896173],[9.59065061,44.93998843],[9.59053828,44.94088565],[9.59028607,44.94150269],[9.5899399,44.94198088],[9.58993854,44.94198893],[9.58988754,44.94227609],[9.58986175,44.94239041],[9.58972805,44.94250578],[9.58900397,44.94277683],[9.58878929,44.94289202],[9.58822742,44.94329573],[9.58793512,44.94369837],[9.58774956,44.94406283],[9.58756226,44.94466803],[9.58725461,44.94476785],[9.58673512,44.94495492],[9.58614161,44.9451951],[9.58565973,44.94540831],[9.58514183,44.94575362],[9.58473555,44.94609845],[9.58451458,44.94636332],[9.58429385,44.94665458],[9.58392654,44.94721037],[9.58352251,44.94779276],[9.58311707,44.9482168],[9.5827863,44.94866692],[9.58241855,44.94914358],[9.58193932,44.94962075],[9.5814958,44.94983399],[9.58108823,44.94991509],[9.58071865,44.95007524],[9.5805721,44.95026074],[9.5801681,44.95065871],[9.57965164,44.95092525],[9.57932021,44.95113812],[9.57887705,44.95129873],[9.57809925,44.95140814],[9.57780344,44.95151518],[9.57758329,44.95183306],[9.57725181,44.95215151],[9.57695712,44.95244339],[9.57655088,44.95270944],[9.57610711,44.95292289],[9.5757371,44.95308319],[9.5753301,44.95327008],[9.57473716,44.95340511],[9.57425546,44.9535396],[9.57373673,44.95364782],[9.57329221,44.95372924],[9.57303347,44.95388898],[9.57288583,44.95402176],[9.57273858,44.95423377],[9.5725549,44.95457803],[9.5722977,44.95505471],[9.57189191,44.95542639],[9.57137582,44.95582475],[9.57085792,44.95601204],[9.5704889,44.95627777],[9.57015632,44.95646417],[9.5698619,44.95680869],[9.56960429,44.95712666],[9.56934622,44.95739184],[9.56908824,44.95768344],[9.56871906,44.95802839],[9.56820113,44.95837412],[9.56742225,44.95861563],[9.56679098,44.95869802],[9.56634691,44.95873034],[9.5662149,44.95861428],[9.56570665,44.95846648],[9.56524123,44.95843855],[9.56486025,44.95838019],[9.56439435,44.95826214],[9.56392796,44.95805398],[9.56350381,44.95784562],[9.56307979,44.95766732],[9.562444,44.95745996],[9.56197771,44.9573119],[9.56159506,44.95701327],[9.56125463,44.95671445],[9.56089816,44.95637323],[9.56078619,44.95626606],[9.56065634,44.95581614],[9.56056936,44.95545611],[9.5604401,44.9550962],[9.56035317,44.95473606],[9.56022291,44.95422589],[9.56005088,44.9538361],[9.55983598,44.95338646],[9.55949305,44.9528473],[9.55910742,44.95230838],[9.5587644,44.95182936],[9.55816607,44.9513216],[9.55760967,44.95090386],[9.55722351,44.95051531],[9.55671117,44.95021747],[9.55632711,44.9500091],[9.555901,44.94983097],[9.55551929,44.94983281],[9.55505535,44.95007531],[9.55480347,44.95031678],[9.55480866,44.95079728],[9.5550266,44.9513368],[9.5552012,44.95187654],[9.55558773,44.9524153],[9.55593062,44.95283417],[9.55618808,44.95319339],[9.55631805,44.95352318],[9.55636351,44.9538834],[9.55632447,44.95427404],[9.55624335,44.9546949],[9.55607758,44.95511614],[9.55578274,44.95529765],[9.55540215,44.9553594],[9.55510552,44.95533067],[9.55459602,44.95518277],[9.55417114,44.9550345],[9.55353422,44.95497701],[9.55293938,44.95491927],[9.55225965,44.95486186],[9.55153833,44.95489469],[9.55119269,44.9549941],[9.55039579,44.95495874],[9.54996225,44.95486478],[9.54944769,44.95471384],[9.54906688,44.95448637],[9.54879508,44.95425789],[9.548549,44.9539719],[9.54846663,44.95383887],[9.54786028,44.9525222],[9.54764181,44.95229341],[9.54696281,44.95189408],[9.54631164,44.95166737],[9.54614851,44.95157228],[9.54574095,44.95119137],[9.54465141,44.94980226],[9.54400018,44.94917519],[9.5437008,44.94881405],[9.5435642,44.94858538],[9.54277613,44.94763422],[9.54228856,44.94717851],[9.54190963,44.94691285],[9.54166691,44.94680008],[9.54123675,44.94666864],[9.54075058,44.94636547],[9.53988384,44.9454723],[9.53953295,44.94520709],[9.53899272,44.94490404],[9.53845372,44.9446583],[9.53799504,44.94447002],[9.53745515,44.9441477],[9.53723845,44.94397669],[9.5369951,44.943749],[9.53688593,44.94357744],[9.53688129,44.94308076],[9.53679918,44.94292813],[9.53663638,44.94277589],[9.53612303,44.94253026],[9.53544543,44.94190279],[9.53506817,44.94175156],[9.53463704,44.9416771],[9.53434115,44.94167852],[9.5338596,44.94187157],[9.53356408,44.94191125],[9.5331341,44.94187503],[9.53256713,44.94166728],[9.53164853,44.94119387],[9.53081014,44.94068178],[9.53074241,44.94063539],[9.53064775,44.94058688],[9.53007945,44.94018772],[9.52956511,44.93988453],[9.5290521,44.93963816],[9.52851176,44.93943017],[9.52810775,44.93931724],[9.52754283,44.93924338],[9.52753765,44.93861313],[9.52766972,44.93830722],[9.52844132,44.93727251],[9.52862164,44.93624054],[9.52872817,44.93608712],[9.52923573,44.93564569],[9.52952669,44.93501406],[9.52998175,44.93470664],[9.53046463,44.93457063],[9.53076044,44.93451249],[9.53320968,44.9345014],[9.53383038,44.93461328],[9.53428823,44.93470677],[9.53488214,44.9348952],[9.53617502,44.93517595],[9.53692993,44.93545861],[9.5373085,44.93574354],[9.5376324,44.93589493],[9.53806281,44.93598849],[9.53838583,44.93600608],[9.53905727,44.93592648],[9.53938041,44.93596318],[9.54026824,44.93618836],[9.54077951,44.93618595],[9.54104811,44.93610823],[9.54112848,44.93605051],[9.54141834,44.93522836],[9.54155062,44.93496059],[9.5417636,44.93469187],[9.54227083,44.93434574],[9.54251178,44.93422978],[9.54296796,44.93413242],[9.5434496,44.93395787],[9.54408985,44.93345802],[9.54438257,44.93309378],[9.54526165,44.93219174],[9.54550097,44.93196163],[9.54627598,44.93136551],[9.54659301,44.93105801],[9.54669797,44.93090419],[9.54682532,44.93048257],[9.54689954,44.92851087],[9.54716116,44.92808841],[9.54732099,44.92797308],[9.54774981,44.92781731],[9.54796317,44.92772026],[9.54817642,44.92756626],[9.5483082,44.92737383],[9.54859533,44.92628533],[9.54878264,44.92607425],[9.54899741,44.92592085],[9.54917723,44.92566323],[9.54995064,44.92589763],[9.55171848,44.9263637],[9.55303802,44.92714998],[9.5545447,44.92777859],[9.55544887,44.92817187],[9.55703098,44.92885278],[9.55827511,44.92972152],[9.55925008,44.93027391],[9.55995805,44.93011062],[9.56040356,44.92981613],[9.56062194,44.92915137],[9.56099087,44.92864518],[9.56191637,44.92779154],[9.56228739,44.92760428],[9.56317817,44.92725606],[9.56406218,44.92624674],[9.56415753,44.92457874],[9.56370047,44.92346858],[9.56396534,44.92274986],[9.56450924,44.92231664],[9.5647745,44.92204913],[9.56498574,44.92174308],[9.56548394,44.92076985],[9.5656957,44.92059737],[9.5660425,44.9204249],[9.56698327,44.92021046],[9.56717138,44.92013311],[9.5679472,44.91955757],[9.56837623,44.91936498],[9.56907495,44.91915129],[9.56970362,44.91910652],[9.56976098,44.91924844],[9.57031498,44.9199583],[9.57040006,44.92004696],[9.57069579,44.92016428],[9.57124175,44.92007248],[9.57169952,44.91959505],[9.57253534,44.91905635],[9.57328733,44.91854777],[9.57391342,44.91806952],[9.57416242,44.91774162],[9.57432822,44.91750323],[9.5753323,44.91762465],[9.57705597,44.91840858],[9.57767884,44.91859574],[9.57900277,44.91878111]]]]},"properties":{"id":"Geositi_catasto_aree:482","name":"Croara","kind":"area","source":"Regione Emilia-Romagna","sourceId":"rer-geosites","sourceLayer":"Geositi_catasto_aree","licence":"CC BY 4.0","retrievedAt":"2026-09-30T14:29:58.425806+00:00","sourceUrl":"https://servizigis.regione.emilia-romagna.it/wfs/geositi?service=WFS&version=2.0.0&request=GetFeature&typeNames=portale_geositi%3AGeositi_catasto_aree&outputFormat=GEOJSON&srsName=EPSG%3A4326&bbox=44.45%2C9.15%2C45.2%2C10.15%2CEPSG%3A4326&count=10000","recordUrl":"https://geo.regione.emilia-romagna.it/schede/geositi/scheda.jsp?id=2029","description":"In destra Trebbia, le superfici rialzate del margine appenninico, parzialmente erose dai corsi d'acqua durante gli ultimi millenni, ospitano suoli tra i più antichi della regione, impilati gli uni su gli altri a testimoniare una lunga storia ambientale.","municipality":"GAZZOLA (PC)","minerals":"","period":"","historicalStatus":"","positionNote":"Original source geometry; positional accuracy not supplied.","raw":"{\"GmlID\": \"Geositi_catasto_aree.482\", \"OBJECTID\": 482, \"GISID\": 2029.0, \"PROVINCE\": \"Piacenza\", \"COMUNI\": \"GAZZOLA (PC)\", \"LOCALITA\": \"Castelletto, Croara\", \"NOME\": \"Croara\", \"SINONIMIE\": \"Croara\", \"DIDASCALIA\": \"In destra Trebbia, le superfici rialzate del margine appenninico, parzialmente erose dai corsi d'acqua durante gli ultimi millenni, ospitano suoli tra i più antichi della regione, impilati gli uni su gli altri a testimoniare una lunga storia ambientale.\", \"DESCRIZIONE\": \"Pubblicabile\", \"VIGENTE\": \"D.G.R. n 1084/2021 (12/07/21)\", \"LISTA_ATTI\": \"D.G.R. n 1084/2021 (12/07/21); D.G.R. n 1302/2016 (01/09/16)\", \"GEOTIPI\": \"Paleosuolo\", \"GESSI_UNESCO\": \"null\", \"TIPO_ELEMENTO\": \"Geosito areale\", \"RILEVANZA\": \"Regionale\", \"CATEGORIA\": \"1. Geosito di rilevanza regionale (areale)\", \"CONTENUTOIN_REGIONALE\": 0.0, \"SCHEDA\": \"https://geo.regione.emilia-romagna.it/schede/geositi/scheda.jsp?id=2029\", \"FOTO\": \"https://geo.regione.emilia-romagna.it/gstatico/documenti/patrimonio_geologico/img/web/2029_Croara.JPG\", \"DIDASCALIA_FOTO\": \"Croara - Foto Archivio Servizio Geologico\", \"SHAPE.AREA\": 12299330.7941245, \"SHAPE.LEN\": 17332.85797432}","updated":"D.G.R. n 1084/2021 (12/07/21)","gpx":"","geositeId":"2029.0"}},{"type":"Feature","id":"Geositi_catasto_aree:494","geometry":{"type":"MultiPolygon","coordinates":[[[[9.49096373,44.75119768],[9.49096099,44.75130289],[9.49098934,44.75140166],[9.49112829,44.75151981],[9.49132218,44.7515982],[9.49141927,44.75165717],[9.49150241,44.75169641],[9.49153076,44.75179519],[9.49131074,44.75191465],[9.4910905,44.75200446],[9.49084257,44.75208447],[9.49055366,44.75222397],[9.49027774,44.75225464],[9.48987734,44.75225611],[9.48932463,44.75219881],[9.48873028,44.75211199],[9.48827306,44.75189613],[9.48796858,44.75179835],[9.48769033,44.75151262],[9.48744071,44.75136521],[9.48728856,44.7513262],[9.48719095,44.75119801],[9.48720306,44.75097054],[9.48731194,44.75075756],[9.48780625,44.7503899],[9.48819261,44.75035883],[9.48845427,44.75026888],[9.48859152,44.75015961],[9.48883886,44.7500005],[9.48889335,44.74990142],[9.48891993,44.7497629],[9.48876747,44.74968434],[9.48854562,44.74955661],[9.48840711,44.74949779],[9.48826846,44.74941919],[9.48823997,44.74930064],[9.48819777,44.74919697],[9.48830595,44.74889005],[9.48855387,44.74881003],[9.48877522,44.74886856],[9.4891079,44.74904532],[9.48935787,44.74924217],[9.48981569,44.74953713],[9.49016283,44.74980283],[9.49030201,44.74995065],[9.490372,44.75007893],[9.49040079,44.75023704],[9.49041606,44.75043475],[9.49047275,44.75063229],[9.49059775,44.75073072],[9.49081917,44.75079913],[9.49099865,44.75079847],[9.49119201,44.75080764],[9.49131649,44.75083685],[9.49149267,44.75090593],[9.49141432,44.75099469],[9.49122176,44.75109429],[9.49096373,44.75119768]]]]},"properties":{"id":"Geositi_catasto_aree:494","name":"Miniera di pietra litografica di rio Vanguardone","kind":"area","source":"Regione Emilia-Romagna","sourceId":"rer-geosites","sourceLayer":"Geositi_catasto_aree","licence":"CC BY 4.0","retrievedAt":"2026-09-30T14:29:58.425806+00:00","sourceUrl":"https://servizigis.regione.emilia-romagna.it/wfs/geositi?service=WFS&version=2.0.0&request=GetFeature&typeNames=portale_geositi%3AGeositi_catasto_aree&outputFormat=GEOJSON&srsName=EPSG%3A4326&bbox=44.45%2C9.15%2C45.2%2C10.15%2CEPSG%3A4326&count=10000","recordUrl":"https://geo.regione.emilia-romagna.it/schede/geositi/scheda.jsp?id=2091","description":"Sito di estrazione di \\\"pietra litografica\\\" presso la località Ghini di Aglio.","municipality":"COLI (PC)","minerals":"","period":"","historicalStatus":"","positionNote":"Original source geometry; positional accuracy not supplied.","raw":"{\"GmlID\": \"Geositi_catasto_aree.494\", \"OBJECTID\": 494, \"GISID\": 2091.0, \"PROVINCE\": \"Piacenza\", \"COMUNI\": \"COLI (PC)\", \"LOCALITA\": \"Aglio, Poggio\", \"NOME\": \"Miniera di pietra litografica di rio Vanguardone\", \"SINONIMIE\": \"null\", \"DIDASCALIA\": \"Sito di estrazione di \\\\\\\"pietra litografica\\\\\\\" presso la località Ghini di Aglio.\", \"DESCRIZIONE\": \"Pubblicabile\", \"VIGENTE\": \"D.G.R. n 1084/2021 (12/07/21)\", \"LISTA_ATTI\": \"D.G.R. n 1084/2021 (12/07/21); D.G.R. n 1302/2016 (01/09/16)\", \"GEOTIPI\": \"Ex miniera\", \"GESSI_UNESCO\": \"null\", \"TIPO_ELEMENTO\": \"Geosito areale\", \"RILEVANZA\": \"Locale\", \"CATEGORIA\": \"3. Geosito di rilevanza locale (areale)\", \"CONTENUTOIN_REGIONALE\": 0.0, \"SCHEDA\": \"https://geo.regione.emilia-romagna.it/schede/geositi/scheda.jsp?id=2091\", \"FOTO\": \"null\", \"DIDASCALIA_FOTO\": \"null\", \"SHAPE.AREA\": 71259.19194964, \"SHAPE.LEN\": 1275.29487927}","updated":"D.G.R. n 1084/2021 (12/07/21)","gpx":"","geositeId":"2091.0"}},{"type":"Feature","id":"Geositi_catasto_aree:512","geometry":{"type":"MultiPolygon","coordinates":[[[[9.51802811,44.76139762],[9.51795027,44.76151952],[9.51784598,44.76162287],[9.51770223,44.76172637],[9.51755767,44.76173634],[9.5173735,44.76172777],[9.51726773,44.76166272],[9.51720057,44.76150392],[9.51713457,44.76147612],[9.51705862,44.76139353],[9.51690745,44.76143009],[9.51669711,44.76143694],[9.51653812,44.76153943],[9.51638755,44.76164189],[9.51632082,44.76170807],[9.51609518,44.76188276],[9.51607075,44.76197274],[9.51607999,44.76206257],[9.51600502,44.76214678],[9.5159553,44.76223089],[9.5158888,44.76232105],[9.51580579,44.76244725],[9.51571412,44.76254355],[9.51551294,44.76262836],[9.51544636,44.76270658],[9.51550712,44.76291005],[9.51546643,44.76306006],[9.51543405,44.76319806],[9.51546039,44.76331779],[9.51543629,44.76343777],[9.51531168,44.76360621],[9.51523743,44.76376241],[9.51525511,44.76385222],[9.51525559,44.76390317],[9.51522268,44.76398125],[9.51522348,44.76406516],[9.51519108,44.76419718],[9.51519165,44.76425711],[9.51492488,44.76451616],[9.51461624,44.76479342],[9.51434107,44.76505254],[9.51398037,44.76516224],[9.51357844,44.76534416],[9.51334409,44.76545925],[9.51312666,44.7655862],[9.51294282,44.76570697],[9.51274993,44.76576187],[9.51255625,44.76573289],[9.51230469,44.76580604],[9.51198423,44.76571182],[9.51183149,44.76556886],[9.51184642,44.76537415],[9.51137388,44.76520894],[9.51117879,44.76503634],[9.51091705,44.76492998],[9.51061432,44.76493161],[9.51031188,44.76496315],[9.50992553,44.76500696],[9.50962221,44.76493023],[9.50933445,44.7647278],[9.50924922,44.76460844],[9.50927337,44.76450064],[9.50948189,44.76433834],[9.50970651,44.76410415],[9.50973789,44.76387664],[9.50982059,44.7637387],[9.50984407,44.76356208],[9.50991807,44.76339425],[9.51000052,44.76322619],[9.50986482,44.76309484],[9.50975481,44.76301735],[9.50971138,44.76286767],[9.50978592,44.76274749],[9.50979338,44.76264555],[9.50966661,44.76257415],[9.50954853,44.7625327],[9.5093478,44.76264142],[9.50915546,44.7627501],[9.50898724,44.76273881],[9.50890249,44.76266726],[9.50890102,44.76251149],[9.50891556,44.76227177],[9.50896425,44.76208581],[9.50898763,44.76189097],[9.50912845,44.76166863],[9.50917557,44.76131485],[9.50918968,44.76102715],[9.50911123,44.76073393],[9.50884772,44.76043575],[9.50872074,44.76034656],[9.50860956,44.76015248],[9.50825556,44.76007058],[9.50796735,44.75983264],[9.50777016,44.75944456],[9.50758022,44.7589184],[9.50763739,44.75873226],[9.50800563,44.75853524],[9.50799579,44.75837946],[9.50783489,44.75826058],[9.50754707,44.75805858],[9.50720092,44.75791689],[9.506996,44.75758257],[9.50701034,44.75731282],[9.50709278,44.75713252],[9.50708322,44.75700673],[9.50716612,44.75687736],[9.50727479,44.75680476],[9.50732415,44.75668458],[9.50737295,44.75650448],[9.50739508,44.75616873],[9.50751089,44.75595822],[9.50775371,44.75584276],[9.50804766,44.75579887],[9.50825889,44.75590537],[9.508261,44.75613313],[9.5081368,44.75634372],[9.50803787,44.75656013],[9.50803947,44.75673394],[9.50814139,44.75684118],[9.50833525,44.75688788],[9.50857997,44.75697624],[9.50894354,44.75718373],[9.50917918,44.75720022],[9.50959005,44.75706572],[9.50984195,44.75702215],[9.51000993,44.75699711],[9.51026141,44.75690586],[9.5103451,44.75686046],[9.51025047,44.75663314],[9.51000422,44.75638258],[9.50988486,44.75620948],[9.50986566,44.7559518],[9.50990525,44.75568773],[9.50995381,44.75548356],[9.50992618,44.75524403],[9.50983122,44.75503212],[9.50987053,44.75479836],[9.50990073,44.7545048],[9.50988918,44.75423546],[9.51006378,44.75406688],[9.510163,44.75391682],[9.51025487,44.75385659],[9.51049927,44.75388556],[9.51083747,44.75402187],[9.51135051,44.75399587],[9.51177828,44.75386852],[9.51208029,44.75378357],[9.5123828,44.75374051],[9.51271969,44.75376312],[9.51294756,44.75382202],[9.51321718,44.75385086],[9.51346069,44.75379906],[9.51305506,44.75364519],[9.5121951,44.75351096],[9.51189083,44.75339846],[9.51194655,44.75311109],[9.51189524,44.75303949],[9.51134484,44.75275428],[9.51064634,44.75277471],[9.50951962,44.7527798],[9.50870487,44.75274267],[9.50856203,44.75273153],[9.50778995,44.75275703],[9.5073033,44.75278385],[9.50708315,44.7525934],[9.50703829,44.75229405],[9.50666541,44.75191265],[9.50623594,44.75174124],[9.50600809,44.75159264],[9.5059049,44.75134151],[9.50595341,44.75110159],[9.50613742,44.7510257],[9.50632183,44.75101273],[9.50628695,44.75085118],[9.50621001,44.75067189],[9.50602422,44.75051712],[9.5059639,44.75033175],[9.50620491,44.75004893],[9.50618661,44.74986333],[9.50595678,44.74946319],[9.5057533,44.74925471],[9.50553354,44.74910921],[9.50512099,44.74903373],[9.50464881,44.74885076],[9.50446196,44.74860022],[9.50477954,44.74836474],[9.50520692,44.74820652],[9.50581757,44.74785554],[9.50630193,44.74755954],[9.50638533,44.74750224],[9.50614804,44.74718599],[9.50599525,44.74693534],[9.50633612,44.74652074],[9.5064409,44.74593368],[9.50672373,44.74561509],[9.50725161,44.74555271],[9.50774603,44.74550244],[9.50813164,44.74548262],[9.50824896,44.74547008],[9.50829829,44.74533516],[9.50869926,44.7451237],[9.50904233,44.74502028],[9.50938659,44.74507846],[9.50965657,44.74529865],[9.509843,44.74556116],[9.51012914,44.74564376],[9.51028117,44.74572702],[9.51047566,44.74586402],[9.51061216,44.74611499],[9.51079839,44.746264],[9.51096738,44.74635921],[9.51115284,44.74640645],[9.51156558,44.74647085],[9.5116503,44.74654241],[9.51175216,44.74665582],[9.51188766,44.74676313],[9.51201386,44.74676269],[9.51214047,44.74681015],[9.5121665,44.74690587],[9.51225965,44.74697741],[9.51250509,44.74714722],[9.51269954,44.74725434],[9.51293546,44.74716426],[9.51290678,44.74688364],[9.51300957,44.74660256],[9.51331249,44.74666699],[9.51339404,44.74697551],[9.51361902,44.74714318],[9.51392168,44.7471702],[9.51406653,44.74716976],[9.51434443,44.747272],[9.51444131,44.74777707],[9.51448333,44.74804833],[9.51483963,44.74806615],[9.51547286,44.74807391],[9.51574968,44.7480545],[9.51602669,44.7480538],[9.51621152,44.74807204],[9.51648842,44.74806199],[9.51663343,44.74805226],[9.51691035,44.7480422],[9.51708139,44.74799497],[9.51725278,44.74798518],[9.51765103,44.74826025],[9.51802181,44.7484184],[9.51825924,44.74849234],[9.51856363,44.74869705],[9.51872376,44.74894911],[9.51876407,44.74904255],[9.51889626,44.7491169],[9.51901488,44.74914452],[9.5191212,44.74926577],[9.51921411,44.74935901],[9.51928106,44.74948977],[9.519282,44.74959272],[9.51919105,44.74971473],[9.51917909,44.74984581],[9.51918037,44.7499862],[9.51918105,44.75006106],[9.51918182,44.75014529],[9.51919701,44.75036985],[9.51921123,44.75048678],[9.51909688,44.7509271],[9.51905867,44.75106295],[9.51871892,44.75129823],[9.51858965,44.75155104],[9.51842074,44.75178524],[9.51836929,44.75191624],[9.51814747,44.75211324],[9.51750255,44.75221769],[9.51724035,44.75238646],[9.5169532,44.75270475],[9.5167439,44.75288272],[9.51646848,44.75303282],[9.51604827,44.75320194],[9.51578619,44.75336134],[9.51564277,44.75352046],[9.51569907,44.75388462],[9.51608465,44.75423869],[9.51620564,44.75449063],[9.51632581,44.7546585],[9.51614427,44.75495782],[9.51612,44.75517272],[9.51602977,44.75538312],[9.51591188,44.75545816],[9.51556862,44.7553561],[9.51529208,44.75535671],[9.51487058,44.75534829],[9.51470087,44.75551696],[9.51491417,44.75581566],[9.51514151,44.75621714],[9.5153671,44.75642226],[9.51552708,44.75665557],[9.51560822,44.75690775],[9.51571544,44.75713181],[9.51587465,44.75728095],[9.51604786,44.75752818],[9.51595779,44.75777144],[9.51622373,44.75809782],[9.51652825,44.75832123],[9.51710937,44.75858114],[9.51753153,44.75872002],[9.51795345,44.75883083],[9.51836267,44.75899793],[9.51861455,44.75923086],[9.51898535,44.75951042],[9.51915774,44.75966429],[9.51947531,44.75986919],[9.51963489,44.76006513],[9.51953124,44.76025242],[9.5191382,44.76044986],[9.51904748,44.76060908],[9.51898323,44.76078694],[9.51893206,44.76095543],[9.51877556,44.76111486],[9.5186842,44.76119929],[9.51867178,44.7612835],[9.51856774,44.76142409],[9.51818598,44.76139716],[9.51814651,44.76139727],[9.51802811,44.76139762]]]]},"properties":{"id":"Geositi_catasto_aree:512","name":"Paleosuperficie di Castello d'Erbia","kind":"area","source":"Regione Emilia-Romagna","sourceId":"rer-geosites","sourceLayer":"Geositi_catasto_aree","licence":"CC BY 4.0","retrievedAt":"2026-09-30T14:29:58.425806+00:00","sourceUrl":"https://servizigis.regione.emilia-romagna.it/wfs/geositi?service=WFS&version=2.0.0&request=GetFeature&typeNames=portale_geositi%3AGeositi_catasto_aree&outputFormat=GEOJSON&srsName=EPSG%3A4326&bbox=44.45%2C9.15%2C45.2%2C10.15%2CEPSG%3A4326&count=10000","recordUrl":"https://geo.regione.emilia-romagna.it/schede/geositi/scheda.jsp?id=2097","description":"Estesa area a bassa acclività lungo il versante destro della val Perino, tra le località Calenzano Fondo e Castello d'Erbia, delimitata verso monte da depositi di frana quiescente complessa e a valle da una lunga scarpata solcata da numerose vallecole.","municipality":"BETTOLA (PC)","minerals":"","period":"","historicalStatus":"","positionNote":"Original source geometry; positional accuracy not supplied.","raw":"{\"GmlID\": \"Geositi_catasto_aree.512\", \"OBJECTID\": 512, \"GISID\": 2097.0, \"PROVINCE\": \"Piacenza\", \"COMUNI\": \"BETTOLA (PC)\", \"LOCALITA\": \"Piccoli, S. Boceto\", \"NOME\": \"Paleosuperficie di Castello d'Erbia\", \"SINONIMIE\": \"Paleosuperficie della Val Perino\", \"DIDASCALIA\": \"Estesa area a bassa acclività lungo il versante destro della val Perino, tra le località Calenzano Fondo e Castello d'Erbia, delimitata verso monte da depositi di frana quiescente complessa e a valle da una lunga scarpata solcata da numerose vallecole.\", \"DESCRIZIONE\": \"Pubblicabile\", \"VIGENTE\": \"D.G.R. n 1084/2021 (12/07/21)\", \"LISTA_ATTI\": \"D.G.R. n 1084/2021 (12/07/21); D.G.R. n 1302/2016 (01/09/16)\", \"GEOTIPI\": \"Paleosuperficie\", \"GESSI_UNESCO\": \"null\", \"TIPO_ELEMENTO\": \"Geosito areale\", \"RILEVANZA\": \"Locale\", \"CATEGORIA\": \"3. Geosito di rilevanza locale (areale)\", \"CONTENUTOIN_REGIONALE\": 0.0, \"SCHEDA\": \"https://geo.regione.emilia-romagna.it/schede/geositi/scheda.jsp?id=2097\", \"FOTO\": \"null\", \"DIDASCALIA_FOTO\": \"null\", \"SHAPE.AREA\": 1451514.41988868, \"SHAPE.LEN\": 8083.05655814}","updated":"D.G.R. n 1084/2021 (12/07/21)","gpx":"","geositeId":"2097.0"}},{"type":"Feature","id":"Geositi_catasto_aree:518","geometry":{"type":"MultiPolygon","coordinates":[[[[9.56077327,44.63100303],[9.56066117,44.63290213],[9.55991521,44.63453346],[9.55802166,44.63472483],[9.55598826,44.63373849],[9.55446109,44.63274989],[9.55370096,44.63266267],[9.5521906,44.63366427],[9.55067487,44.63403258],[9.54902495,44.63349674],[9.5467362,44.6322398],[9.54469465,44.63025801],[9.5429131,44.62908933],[9.54126564,44.62882478],[9.53886183,44.62892521],[9.53720995,44.62811779],[9.53492462,44.62722248],[9.53289465,44.62659748],[9.53163426,44.62723591],[9.52923203,44.62751714],[9.52606985,44.62771108],[9.5248066,44.62807824],[9.52455124,44.62780773],[9.52403301,44.62636232],[9.52263231,44.6253732],[9.52084572,44.62384439],[9.51981288,44.62158906],[9.52245443,44.61949694],[9.52649311,44.61839442],[9.52648416,44.6174],[9.52532694,44.6153258],[9.52556459,44.61360715],[9.52668281,44.61134218],[9.5269196,44.60953314],[9.52273595,44.60846694],[9.52057454,44.6072109],[9.52068502,44.60540242],[9.51738231,44.60378975],[9.51320083,44.60308542],[9.51242354,44.60100975],[9.51431065,44.59964479],[9.51884901,44.59799774],[9.52289815,44.59825107],[9.5246694,44.59833361],[9.52807899,44.59777601],[9.52844701,44.59650877],[9.5295713,44.59496693],[9.52779204,44.5939805],[9.52677071,44.59290027],[9.52663699,44.59208727],[9.52750268,44.58991381],[9.52673513,44.58892284],[9.52748,44.58738272],[9.52758538,44.58503185],[9.52933594,44.58285442],[9.53253891,44.58070051],[9.53262792,44.5805318],[9.53307602,44.57994026],[9.53372967,44.57928884],[9.53393203,44.57887526],[9.53524706,44.57842716],[9.53635811,44.57821579],[9.53697318,44.57785928],[9.53725445,44.57706215],[9.53737354,44.57656052],[9.53774154,44.57623461],[9.53856321,44.5759361],[9.53926014,44.57552026],[9.53946541,44.57543089],[9.5399988,44.57516315],[9.54048904,44.57468923],[9.54143458,44.57441958],[9.5420946,44.57447551],[9.54283896,44.5747374],[9.54362236,44.57476327],[9.54403317,44.57461398],[9.5444415,44.5741994],[9.54521858,44.57354729],[9.54652926,44.57265689],[9.54726839,44.57235869],[9.54792675,44.57223774],[9.54858537,44.57214626],[9.54932284,44.5716712],[9.55018309,44.57110709],[9.55083861,44.57069128],[9.55100038,44.57036621],[9.55140523,44.56959775],[9.55312778,44.56870522],[9.55386511,44.56823005],[9.55435713,44.56796244],[9.55509529,44.5675758],[9.5563294,44.56733433],[9.55662043,44.56759833],[9.55679095,44.56818716],[9.55696232,44.56886443],[9.55709163,44.56945343],[9.55668402,44.56992701],[9.55570082,44.5705507],[9.55476245,44.57155744],[9.55452127,44.57220705],[9.5538256,44.57274088],[9.55337972,44.57353884],[9.55293188,44.57413047],[9.55223425,44.57445798],[9.55137423,44.57505155],[9.55167132,44.57596392],[9.55225417,44.57658018],[9.5529607,44.57719587],[9.55371068,44.57804715],[9.55408944,44.57887072],[9.55422317,44.57993135],[9.55464302,44.58072545],[9.55485843,44.58169736],[9.55544014,44.58216648],[9.55548791,44.58228302],[9.55613488,44.58228016],[9.55730838,44.58227496],[9.55860849,44.58197104],[9.55977421,44.58167341],[9.56053296,44.58158648],[9.5621097,44.5814959],[9.56275078,44.58132592],[9.56403415,44.58111128],[9.56560636,44.58056109],[9.56665122,44.57984602],[9.56863441,44.5794607],[9.56974201,44.57916289],[9.57061648,44.57886561],[9.57172735,44.57881773],[9.57272197,44.57885412],[9.57377951,44.57939197],[9.5742504,44.57972391],[9.5750715,44.57997026],[9.57583076,44.57984058],[9.5762361,44.57937834],[9.57740555,44.57933],[9.57892899,44.57932374],[9.57974986,44.57927934],[9.5802183,44.57919421],[9.58120952,44.57864711],[9.58196894,44.57839351],[9.58297113,44.57889309],[9.58356966,44.58018776],[9.58398691,44.58102242],[9.58534319,44.58197988],[9.58599665,44.58302266],[9.58635055,44.58352204],[9.58717147,44.58418534],[9.58752835,44.58522668],[9.5875381,44.58672893],[9.58760394,44.58760465],[9.58784757,44.58835369],[9.58866977,44.58855732],[9.589027,44.58897203],[9.58920943,44.58942942],[9.58852071,44.59047569],[9.58759153,44.59123194],[9.58712786,44.59169387],[9.5861371,44.59224269],[9.58479171,44.59254291],[9.5839195,44.59313249],[9.58281172,44.59368185],[9.58169913,44.5938135],[9.58070405,44.59381848],[9.57936312,44.59428454],[9.57866199,44.59441337],[9.57784664,44.59479337],[9.57657122,44.59576],[9.57570399,44.59655744],[9.5739025,44.59756833],[9.57244514,44.59803474],[9.57162817,44.59824755],[9.57040485,44.59879655],[9.56959367,44.59951047],[9.56907936,44.60043134],[9.56914336,44.60084851],[9.56974641,44.60218148],[9.56993048,44.60280675],[9.57046646,44.60351394],[9.57193682,44.60417535],[9.57369857,44.60479381],[9.57446225,44.60516643],[9.57516893,44.60574833],[9.57605229,44.60649656],[9.57728677,44.60732667],[9.578402,44.60798906],[9.57922459,44.60852697],[9.58022478,44.60927258],[9.580875,44.61006203],[9.58094039,44.61085501],[9.5808036,44.61110363],[9.58161565,44.61244363],[9.58367698,44.61595666],[9.58369295,44.61767353],[9.58460102,44.61983735],[9.58626747,44.62172606],[9.58527759,44.62435184],[9.58326277,44.62598961],[9.58238799,44.62744034],[9.58240386,44.62915726],[9.58234266,44.62921807],[9.58239582,44.62928635],[9.58187653,44.6299034],[9.58158037,44.63033235],[9.58158357,44.63067943],[9.58143795,44.6311609],[9.58129405,44.63182926],[9.58073798,44.63255343],[9.58022015,44.63335748],[9.5799632,44.6339731],[9.57948163,44.63464344],[9.57895739,44.63475331],[9.57839759,44.63507699],[9.5781796,44.63585258],[9.57769579,44.63628261],[9.57724804,44.63655223],[9.57643023,44.63738472],[9.57598368,44.63778783],[9.57538826,44.63832531],[9.57460549,44.63889057],[9.57423395,44.63929324],[9.57382614,44.63977675],[9.57345514,44.64017994],[9.5730453,44.64044974],[9.5725955,44.64047919],[9.57173397,44.64059136],[9.5713606,44.64075406],[9.57099092,44.64126438],[9.57005594,44.64151083],[9.56942361,44.64180887],[9.56908679,44.64175743],[9.56863704,44.64162645],[9.56822466,44.64149524],[9.56773786,44.64139123],[9.56762384,44.64120473],[9.56754746,44.64104475],[9.56743317,44.64083152],[9.56750567,44.64061715],[9.56772676,44.64032164],[9.5681346,44.64002497],[9.56857892,44.63964783],[9.56857584,44.63935368],[9.56838757,44.6391679],[9.56834921,44.63903464],[9.56845678,44.63844661],[9.56879058,44.63815085],[9.56882544,44.63783025],[9.56856289,44.6376717],[9.56829915,44.63735296],[9.56777323,44.63690239],[9.56773375,44.63660897],[9.56776772,44.63615489],[9.56772805,44.63583477],[9.56720267,44.63541093],[9.56708692,44.63485106],[9.56678636,44.63453263],[9.56667159,44.63410624],[9.56663178,44.63373277],[9.56640389,44.63312024],[9.5663681,44.63303972],[9.56587968,44.63280322],[9.56546698,44.63243206],[9.56497771,44.6317677],[9.56426697,44.63145172],[9.56348046,44.63100251],[9.56295599,44.63071182],[9.56198129,44.6301297],[9.56164909,44.63008039],[9.56077327,44.63100303]]]]},"properties":{"id":"Geositi_catasto_aree:518","name":"Monte Ragola, Monte Camulara e Monte Megna","kind":"area","source":"Regione Emilia-Romagna","sourceId":"rer-geosites","sourceLayer":"Geositi_catasto_aree","licence":"CC BY 4.0","retrievedAt":"2026-09-30T14:29:58.425806+00:00","sourceUrl":"https://servizigis.regione.emilia-romagna.it/wfs/geositi?service=WFS&version=2.0.0&request=GetFeature&typeNames=portale_geositi%3AGeositi_catasto_aree&outputFormat=GEOJSON&srsName=EPSG%3A4326&bbox=44.45%2C9.15%2C45.2%2C10.15%2CEPSG%3A4326&count=10000","recordUrl":"https://geo.regione.emilia-romagna.it/schede/geositi/scheda.jsp?id=2140","description":"Geosito esteso a cavallo del crinale tra le valli del Lecca (Ceno) e Nure, molto rappresentativo delle ofioliti appenniniche a composizione serpentinitica, in affioramento tra unità caotiche (Complesso del Monte  Ragola); interessanti le morfologie legate a movimenti franosi profondi (Deformazioni Gravitative Profonde di Versante).","municipality":"BARDI (PR), FERRIERE (PC)","minerals":"","period":"","historicalStatus":"","positionNote":"Original source geometry; positional accuracy not supplied.","raw":"{\"GmlID\": \"Geositi_catasto_aree.518\", \"OBJECTID\": 518, \"GISID\": 2140.0, \"PROVINCE\": \"Parma, Piacenza\", \"COMUNI\": \"BARDI (PR), FERRIERE (PC)\", \"LOCALITA\": \"Monte Camulara, Monte Megna, Monte Pravera, Monte Ragola\", \"NOME\": \"Monte Ragola, Monte Camulara e Monte Megna\", \"SINONIMIE\": \"null\", \"DIDASCALIA\": \"Geosito esteso a cavallo del crinale tra le valli del Lecca (Ceno) e Nure, molto rappresentativo delle ofioliti appenniniche a composizione serpentinitica, in affioramento tra unità caotiche (Complesso del Monte  Ragola); interessanti le morfologie legate a movimenti franosi profondi (Deformazioni Gravitative Profonde di Versante).\", \"DESCRIZIONE\": \"Pubblicabile\", \"VIGENTE\": \"D.G.R. n 1084/2021 (12/07/21)\", \"LISTA_ATTI\": \"D.G.R. n 1084/2021 (12/07/21); D.G.R. n 1302/2016 (01/09/16)\", \"GEOTIPI\": \"Accavallamento, Circo glaciale, Deformazioni gravitative profonde di versante, Depositi morenici, Falda di detrito, Rupe, Serpentinite, Sorgente\", \"GESSI_UNESCO\": \"null\", \"TIPO_ELEMENTO\": \"Geosito areale\", \"RILEVANZA\": \"Regionale\", \"CATEGORIA\": \"1. Geosito di rilevanza regionale (areale)\", \"CONTENUTOIN_REGIONALE\": 0.0, \"SCHEDA\": \"https://geo.regione.emilia-romagna.it/schede/geositi/scheda.jsp?id=2140\", \"FOTO\": \"https://geo.regione.emilia-romagna.it/gstatico/documenti/patrimonio_geologico/img/web/2140_Fig1_schemaDinamicaVersante.jpg\", \"DIDASCALIA_FOTO\": \"Figura1 - schema di possibili dinamiche gravitative di versante\", \"SHAPE.AREA\": 27479349.1484124, \"SHAPE.LEN\": 29163.15396712}","updated":"D.G.R. n 1084/2021 (12/07/21)","gpx":"","geositeId":"2140.0"}}]}